"cod_mun","Municipio","pobreza_monetaria","error_estandar","varianza_pobreza","cvlog","pct_indigena_2024","pct_afro_2024","pct_menores15_2024","indice_envejecimiento_2024","pob_total","pct_rural","pct_urbano","tasa_dependencia","categoria_617","cat_ruralidad","extension","densidad_2024","var_intercensal","idf_2024","cobertura_educ_2024","desercion_2024","analfabetismo_2018","analfabetismo_rural_2018","saber11_mate_2022","saber11_lectura_2022","empresas_formales_2016","pct_ocupados_form_2016","pct_primario_2023","pct_secundario_2023","pct_terciario_2023","peso_relativo_2023","tasa_mortalidad_2020","mort_materna_2020","mort_infantil_1a_2020","cobertura_pentavalente_2020","bajo_peso_2020","control_prenatal_4_2020","promedio_prenatales_2020","mort_infantil_5a_2020","mort_eda_2020","mort_ira_2020","mort_desnutricion_2020","fecundidad_15_19_2020","mort_neonatal_2020","partos_calificados_2020","tasa_hurto_2019","tasa_homicidios_2019","tasa_extorsion_2019","tasa_violencia_intra_2019","recaudo_predial_2020","pct_predios_urb_2022","pct_predios_rur_2022","acueducto_2018","alcantarillado_2018","energia_2018","internet_2018","iica_2023","dist_popayan_km","dist_cali_km","dist_capital_km","dist_carretera_km","snap_km","aislado_vial","pdet","coca_pct_territorio","desplaz_tasa_1000","victimas_tasa_1000","cotizantes_tasa_1000","pagos_admin_pc","pagos_educacion_pc","pagos_salud_pc","pagos_serv_publicos_pc","pagos_total_pc","ingresos_pc","ingresos_corrientes_pc","ingresos_tributarios_pc","ingresos_no_trib_pc","transferencias_pc","sgp_pc","recursos_capital_pc","valor_agregado_pc","predios_pc","avaluo_promedio","pct_contributivo","pct_subsidiado","pct_excepcion","pct_sisben_A"
"19001","Popayán",0.387999218684024,9.69908992576707e-05,0.000107894536586391,0.0267712639485498,3.58,2.18,18.93,84.1,348444,17.69,82.31,43.1,"1","Ciudades y aglomeraciones",464,739.25,23.51,66.2,106.67,3.38,3.9,8,54.37,55.95,256.63,39.48,1.30258546528373,12.3326981399985,86.3647163947178,26.677781615515,6.46,0,12.65,81.86,8.74,87.82,6.14,10.92,0,0,4.92,39.92,6.66,99.68,1127.67,17.7,42.55,318.95,5.72,69.3,30.7,96.12,84.9,99.5,75,3,0,103.499692968292,0,4.6641,0.00540654918061695,0,0,0,4.45982711712643,4.86448324551434,210.960269081976,4787768.66805283,4750496.52603575,5001833.59369081,0,14705485.6591016,2660071.47088485,2299561.39057926,571419.288448072,1728142.10213119,1638701.36325493,1035851.11101353,360510.080305587,0.0197012139820655,0.398884756230556,41.3470179654505,47.7442935906697,47.8819759580655,4.37373045126476,32.6135620070944
"19022","Almaguer",0.562525352371654,0.00566128352641015,0.0136491858851204,0.207687937656349,20.6,0.06,22.37,73.32,18432,94.09,5.91,52.02,"6","Rural",224,87.71,-9.84,46.5,57.33,2.24,15.18,15.88,45.68,46.18,0,6.29,35.7102522365633,8.33558706858366,55.954160694853,0.762928255177257,6.49,0,22.15,72.44,6.41,86.27,5.47,25.64,0,0,0,51.53,12.82,92.31,10.95,21.9,32.85,21.9,0.96,7.46,92.54,12.84,8.56,82.47,0.56,3,67.4013265299284,167.760688047708,67.4013265299284,129.5556,0.0809209235323267,0,0,0,1.41059027777778,52.4088541666667,42.7560763888889,11146659.3870985,0,0,0,11287769.7444661,2221890.79036458,2050991.58051215,71920.1075303819,1979071.47298177,1955120.15961372,1108734.48404948,170899.209852431,0.0106509293326829,0.847764756944444,4.17585050556764,2.97760693147843,95.460369760205,1.56202330831655,63.28125
"19050","Argelia",0.238909085592395,0.00484394501688014,0.00235774527420282,0.203243083627791,0.19,0.57,26.28,33.96,27464,90.65,9.35,47.96,"6","Rural disperso",674,41.73,6.55,58.1,92.6,4.77,9.81,10.33,47.25,49.79,0,2.34,21.0962353310796,7.07480080273181,71.8289638661885,0.74129261646099,5.6,0,19,105.56,8.05,78.07,5.34,20.12,0,0,0,92.98,4.02,97.59,34.12,166.82,7.58,22.75,0.94,30.1,69.9,50.17,32.53,89.85,3.25,1,74.9090079405862,141.477743507972,74.9090079405862,175.1367,0.194017443642683,0,1,492.436201780415,111.018060005826,1383.41101077775,12.8804981066123,11631948.6276216,0,0,0,11742275.1569327,2016926.37088552,1885128.90631372,135944.022829886,1749184.88348383,1724776.80487183,888215.838807166,131797.464571803,0.00694547815324082,0.219196038450335,2.76632558139535,2.49245269125985,96.2447537000221,1.26279360871806,81.1498689193126
"19075","Balboa",0.45010901827639,0.00775525992888455,0.0122073320924848,0.245466745884741,0.08,13.03,24.03,56.88,22220,75.27,24.73,51.21,"6","Rural",329,68.84,-10.57,53.4,76.73,5.29,10.16,10.71,47.27,48.17,0,2.1,34.6192853130591,7.95156026724688,57.4291544196941,1.24204856610861,4.38,0,17.2,82.13,11.48,86.89,5.9,8.2,0,0,0,63.54,8.2,90.57,65.82,84.63,56.42,9.4,18.14,21.41,78.59,46.56,28.98,95.46,1.12,87,80.7122459807408,162.570528862067,80.7122459807408,129.9689,0.154751222425147,0,1,349.349544072948,2.02520252025203,200.2700270027,14.2101710171017,10757030.4387939,0,0,0,10873787.8189919,1955443.08087309,1888145.08132313,109866.794779478,1778278.28654365,1749869.38550855,953708.755715572,67297.999549955,0.0143837057082453,0.3496399639964,10.3406281374694,3.36752376937848,95.5271415858742,1.10533464474732,51.1251125112511
"19100","Bolívar",0.500368429949404,0.00304609712951263,0.00628201529723791,0.158401610971324,7.31,5.05,20.8,82.99,38005,88.06,11.94,50.29,"6","Rural",717,55.41,-13.48,48.5,74.46,2.35,10.9,11.72,47.12,48.15,31.54,2.82,30.7673366836739,8.45360555392663,60.7790577623994,1.43701912926916,3.89,0,19.07,85.62,7.71,87.11,6.16,12.85,44.6,0,0,58.23,7.71,96.4,21.43,61.62,13.4,42.86,4.33,11.35,88.65,23.89,18.5,91.59,1.19,13,80.2740578032875,177.728682374013,80.2740578032875,129.5657,0.00577925670928999,0,0,0,0.236810945928167,55.8610709117221,19.9336929351401,11096044.0102618,0,0,0,11167889.5674253,1935739.24552033,1802713.38560716,67825.2457834495,1734888.13982371,1711495.57763452,792390.032206289,133025.859913169,0.00972966927238882,0.676831995790028,1.63606033510866,4.85073622439366,93.6068265632992,1.5424372123072,63.6100513090383
"19110","Buenos Aires",0.449296998852418,0.00637103577277436,0.0100005839773152,0.222576425169483,26.22,66.32,26.58,47.54,33003,97.19,2.81,55.07,"6","Rural",410,87.05,16.6,51.1,65.35,1.88,8.88,9.05,39.67,43.26,0,2.88,40.9332800933521,6.37873620937268,52.6879836972753,2.04860819224064,4.21,0,20.08,62.48,9.94,81.02,5.86,6.01,0,0,0,65.03,6.01,94.59,53.54,78.73,25.19,53.54,1.8,12.71,87.29,51.98,16.54,86.02,2.06,22,62.3510546603733,42.7745771495431,62.3510546603733,96.6106,0.67048460438225,0,1,357.924390243902,0.757506893312729,180.377541435627,16.9175529497318,8017483.46538194,0,0,0,8104184.88316214,1448233.77917159,1351688.7801715,64237.0017271157,1287451.77844438,1265253.00833258,703005.507196315,96544.9990000909,0.0159728256540957,0.292549162197376,6.668,6.27558539381038,92.8934010152284,0.831013590961192,36.1148986455777
"19130","Cajibío",0.508721465589494,0.00347380849470228,0.00729331691925184,0.167873629289616,7.18,3.22,26.87,52.8,45786,95.83,4.17,58.95,"6","Rural",526,85.59,21.06,52.1,71.61,3,11.44,11.95,46.47,47.24,0,3,34.9673819646839,8.61561734107638,56.4170006942397,1.53821452675608,3.97,0,19.88,69.56,6.78,86.5,6.07,8.44,0,0,0,59.55,6.33,94.51,49.48,42.41,21.21,47.13,2.69,5.6,94.4,34.61,8.04,88.84,1.25,21,22.4216274461222,85.5953711370641,22.4216274461222,45.5799,0.18805511534921,0,0,107.897338403042,0.393133272179269,59.6688944218757,13.8125191106452,2134027.31188573,0,0,0,8586545.48182851,1698714.30826017,1464784.17208317,123708.755099812,1341075.41698336,1309028.91728913,681473.968549338,233930.136176997,0.00864490987720602,0.385008517887564,13.0461254821874,4.28993226422741,95.0790250680252,0.631042667747351,41.0824269427336
"19137","Caldono",0.553082146130063,0.00477930967414889,0.0111952566482734,0.191305469864136,75.58,0.31,31.05,37.33,43991,95.77,4.23,64.86,"6","Rural",373,115.88,29.25,50.6,91.52,2.18,11.7,12.05,39.43,42.61,0,3.15,36.5952131594754,8.31996040572655,55.0848264347981,1.48681263351874,3.85,293.26,19.81,75.28,5.14,59.97,3.98,13.2,21.8,43.59,0,79.76,1.47,58.8,39.12,19.56,22.01,12.23,2.14,11.14,88.86,79.43,9.55,91.4,2.05,25,40.6333448601738,66.445023042573,40.6333448601738,71.6375,0.121048926963269,0,1,6.77211796246649,1.4093791911982,38.6897319906344,12.8435361778546,1942036.18490146,0,0,48426.1539633107,8801626.02666455,1584278.81096133,1467311.55445432,57367.7685435657,1409943.78591075,1389706.32515742,714362.991861972,116967.256507013,0.00869698405453087,0.192584846900502,4.2218142115203,4.07802368576175,95.2842827286855,0.637693585552757,13.7550862676457
"19142","Caloto",0.381381786380106,0.00492713566605211,0.00530551647503933,0.190987034374947,52.4,25.35,24.67,51.53,31061,83.22,16.78,51.07,"5","Rural",302,104.48,-18.26,48.21,87.66,2.74,7.97,9.24,43.32,45.45,0,34.8,16.4828555737662,70.5873936509658,12.929750775268,9.54968262863286,4.2,0,19.91,72.86,5.74,87.16,6,10.9,0,0,0,58.82,10.9,86.1,209,129.38,56.4,132.7,3.15,28.12,71.88,54,27.51,92.47,5.37,35,71.2737997770592,42.906770253524,71.2737997770592,99.8173,0.469539639896767,0,1,3.66887417218543,1.35217797237694,77.5248704162777,119.297511348637,10112801.2041467,0,0,119309.914844982,10374547.0180934,1823846.17346512,1788702.38025176,535806.320112038,1252896.06013972,1223441.50806478,656012.493223013,35143.7932133544,0.0791133492345213,0.229548308167799,52.0472692847125,18.5327164573695,80.6609385327165,0.806345009914078,24.9637809471685
"19212","Corinto",0.313138472537286,0.00508776313600209,0.00376871935286487,0.196047121522768,46.54,11.18,23.04,57.2,27157,50.89,49.11,47.75,"6","Intermedio",294,92.21,-10.68,47.25,88.32,3.2,8.68,11.47,45.82,47.99,0,4.44,31.9170300660312,10.1498532166644,57.9331167173043,1.39371903115592,7.55,315.46,12.15,109.14,5.7,90.85,6.25,6.31,0,0,0,65.34,3.15,97.16,82.87,280.17,23.68,39.46,7.84,56.77,43.23,57.59,56.43,96.93,11.01,3,84.595336133337,49.0383110902683,84.595336133337,128.5956,0.219239650993553,0,1,7.31972789115646,1.21515631328939,117.686047796148,33.0669808889053,10096793.2701698,0,0,0,10200113.9168907,1743761.93946312,1665831.31549877,157751.54693081,1508079.76856796,1483634.74076665,771768.710166808,77930.6239643554,0.0132059516733906,0.36163788341864,20.8010080439874,16.2220593624038,82.6053499450348,1.17259069256138,25.7723607173105
"19256","El Tambo",0.534467488422076,0.00114158448402128,0.00254281929597808,0.0943488165243152,10.28,10.73,24.48,64.76,57546,95.33,4.67,56.21,"6","Rural disperso",2615,22.08,17.66,52.5,77.89,4.76,10.35,10.69,46.25,48.63,31.25,3.37,60.6936164760792,7.79724328880833,31.5091402351125,3.60754465842972,5.69,210.53,22.93,71.49,9.49,81.68,5.66,14.74,0,26.51,0,41.48,10.53,94.53,68.72,85.44,27.86,53.86,1.72,8.34,91.66,62.07,8.12,85.73,1.16,31,45.5029321303846,107.862596246417,45.5029321303846,65.889,0.819216015748464,0,1,359.16673040153,1.5465888159038,106.08904181003,15.7931046467174,8194806.92854412,0,0,0,8244213.88576096,1526726.06486984,1443956.01101727,77879.6360476836,1366076.37496959,1339829.74175442,654054.799412644,82770.0538525701,0.0161314289713556,0.374013832412331,6.76590716907494,4.79908460658276,94.083596957663,1.11731843575419,36.6263510930386
"19290","Florencia",0.523549226857493,0.00634096602375035,0.0139109248008639,0.225278880286301,0.11,0.07,22.06,75.39,5213,77.67,22.33,52.52,"6","Intermedio",56,98.38,-13.7,56,87.38,5.67,9.11,10.2,48.1,49.77,0,3.96,38.4191383972838,8.04675449033437,53.5341071123818,0.278366121780566,4.9,0,12.57,97.01,1.59,95.24,6.14,0,0,0,0,76.92,0,98.41,19.03,0,57.1,95.17,1.8,16.63,83.37,88.41,22.63,97.84,2.24,23,101.793235219915,197.686547530924,101.793235219915,170.9218,0.300100070222814,0,0,0,3.64473431805103,79.8004987531172,27.3988106656436,16774178.2035296,0,0,0,17287310.5277192,2851861.9447535,2752602.62574333,52576.901016689,2700025.72472664,2653375.1289085,1510966.95914061,99259.3190101669,0.0137405753974102,0.530596585459428,4.28232827187274,4.97368867764386,93.1251060940418,1.90120522831438,60.0422021868406
"19300","Guachené",0.314021505745962,0.00115685817214083,0.000861410426553789,0.0934642812091606,0.31,95.8,22.86,53.61,20320,67.64,32.36,45.95,"4","Intermedio",97,212.31,0,64.5,73.04,1.7,4.45,5,40.29,43.1,0,4.54,30.3469970657424,39.6771673545145,29.9758355797431,2.27024231674778,4.7,0,16.64,113.21,11.99,90.07,5.96,20.55,0,0,0,49.21,10.27,100,362.72,65.49,10.08,65.49,6.58,25.44,74.56,88.39,32.17,99.25,4.14,4,77.0377432977887,35.8911610153695,77.0377432977887,100.6654,0.003643850519097,0,0,0,0.344488188976378,68.9468503937008,24.6801181102362,14633888.3475394,0,0,127527.004675197,15033249.0229331,2156145.52701772,1848732.45875984,920993.496751969,927738.962007874,881800.932480315,580764.256840551,307413.068257874,0.0287491346232416,0.469734251968504,16.8924033525406,40.3570854109699,59.618787196397,0.0241273926331028,36.1318897637795
"19318","Guapi",0.549766265076062,0.00219918387874751,0.00512038748396201,0.130158737268763,1.07,97.94,33.51,30.8,29275,49.82,50.18,68.72,"6","Rural",2885,10.24,-3.65,48.1,74.37,1.93,16.2,21.26,38.31,42.09,0,6.66,23.4563745323176,7.74414227818395,68.7994831894984,1.21163322628748,2.49,0,22.58,60.34,8.36,71.97,5.02,8.65,0,32.98,0,58.32,2.88,91.07,32.59,50.69,36.21,14.48,0.24,91.46,8.54,19.15,10.33,51.68,6.38,18,120.122826317189,165.172463439499,120.122826317189,563.4249,39.4774927350427,1,0,55.8225303292894,2.90350128095645,190.67463706234,35.8695132365499,10564136.9846627,0,0,0,10672927.5007003,2102966.67945346,2028199.83224594,99256.1475320239,1928943.68471392,1906083.94466268,1075507.41827498,74766.8472075149,0.0106500227677249,0.189615713065756,74.2537921095298,11.6383677108238,85.0954329942862,3.26619929488998,54.5072587532024
"19355","Inzá",0.504403345724611,0.00714347744623452,0.0149002890445202,0.242002241180071,52.24,0.14,30.19,41.71,29139,96.58,3.42,65.21,"6","Rural disperso",685,45.4,7,44.8,86.86,2.27,10.69,11.09,47.73,48.57,0,4.51,43.0988688723067,8.1756843018633,48.72544682583,1.22316034471121,4.11,0,16.29,66.12,6.91,69.91,4.53,16.13,0,32.28,0,73.65,9.22,79.72,34.28,17.14,3.43,10.28,0.67,14.41,85.59,24.64,21.8,90.54,1.53,3,51.5027520962082,110.884284327699,51.5027520962082,85.7557,2.65659899083417,0,0,0,0.446137478980061,28.1409794433577,24.3687154672432,9349379.09650297,0,0,0,9451784.98356155,1707975.02079687,1660561.04128488,75222.7772058066,1585338.26407907,1546471.09053159,836765.488589176,47413.9795119942,0.0108015234989095,0.26503998078177,25.5946536320083,5.53058723024923,92.8388366823905,1.63057608736025,29.3146641957514
"19364","Jambaló",0.619395990544596,0.0037600097359648,0.0106645305442734,0.166725673881417,98.83,0.18,30.43,30.8,19163,90.41,9.59,59.1,"6","Rural",252,76.58,21.99,57.8,73.25,2.4,12.66,13.61,42.82,43.17,0,2.67,19.6263463497088,8.47464820796465,71.8990054423265,0.597296729566598,1.35,363.64,29.98,68.43,7.64,70.18,4.79,0,0,0,0,68.23,0,55.64,5.48,10.96,5.48,0,0.03,34.79,65.21,68.72,20.99,86.71,3.49,31,52.4341163854131,67.882818967317,52.4341163854131,98.063,0.0499994517146886,0,1,8.86111111111111,3.33976934717946,111.412618066065,13.328810729009,11182396.8648959,0,0,0,11335658.8150603,1914552.73668006,1742194.93696185,109126.178834212,1633068.75812764,1631835.00819287,883579.54594792,172357.799718207,0.00802052695691234,0.0502530918958409,287.937964693666,3.94367842953961,95.2442159383033,0.812105632157046,13.1346866357042
"19392","La Sierra",0.513091533789568,0.00545300318602171,0.0116592285221911,0.210445701116623,18.45,12.99,22.25,77.89,11305,84.14,15.86,54.55,"6","Rural",203,56.19,-1.72,54,80.87,1.77,9.61,10.19,50.89,51.05,0,3.9,61.4381244503469,6.61847317148259,31.9434023781705,0.833656557616515,4.04,0,18.85,83.92,12.96,88.89,5.67,18.52,0,0,0,68.88,9.26,98.15,112.42,18.74,65.58,56.21,5.99,7.6,92.4,40.12,12.93,92.37,1.33,14,37.9208683745036,136.855512973729,37.9208683745036,60.1813,0.383814390881835,0,0,0,1.50375939849624,43.2551968155683,22.0406899601946,12269512.8076073,0,0,0,12524838.851747,2287201.93250774,2240504.54586466,94716.0313135781,2145788.51455108,2137982.70703229,1223107.56355595,46697.3866430783,0.018975484329958,0.425829279080053,2.68304736186124,5.35350596450393,93.2596256425177,1.38686839297837,53.9761167624945
"19397","La Vega",0.527577733005663,0.00570292135691437,0.0125741189862332,0.212545701097264,48.86,0.14,22.64,71.86,24423,96.87,3.13,53.49,"6","Rural",492,53.45,-36.25,48.21,49.67,4.14,10.16,10.28,45.35,47.18,14.54,1.53,25.5760498080405,8.87033232790729,65.5536178640523,0.713242855671184,3.29,0,30.66,59.64,8.47,78.74,5.14,16.95,0,0,0,38.75,5.65,92.09,16.3,12.22,20.37,32.6,0.62,14.04,85.96,39.65,18.85,95.48,0.56,2,49.8973245812996,151.191819510865,49.8973245812996,97.6144,4.39012605073016,0,0,0,0.327560086803423,41.6410760348852,15.3781271752037,8638827.14732015,0,0,0,8762574.75301969,1814393.16857061,1465166.39004217,35470.1824100233,1429696.20763215,1412222.81791754,656831.628424027,349226.778528436,0.00751475258163561,0.363386971297547,2.13974422535211,4.21947965310207,94.1127418278853,1.66777851901268,33.9229414895795
"19418","López de Micay",0.67339111537938,0.00420143994977041,0.0143155329906009,0.177679113620225,6.75,92.25,38.46,18.42,19491,90.89,9.11,76.09,"6","Rural disperso",3297,6.05,-3.86,50.9,83.18,3.45,14.88,15.85,34.17,38.67,0,3.24,16.7490248794221,7.07480080273181,76.1761743178461,0.500234147143305,1.53,0,50.71,31.24,8.79,49.06,3.85,9.43,0,0,0,24.44,9.43,70.75,5.33,37.31,0,10.66,0,55.06,44.94,11.62,10.9,36.15,0.35,18,92.4222840621228,86.3966628887351,92.4222840621228,563.4249,34.9644709938484,1,0,56.6081286017592,16.0073880252424,200.14365604638,19.4705248576266,9477613.14965882,0,0,0,9641815.26643066,2142880.64393823,1919039.62505772,116750.908214048,1802288.71684367,1780903.34703196,1079341.55492278,223841.018880509,0.00660412794491647,0.0764968446975527,280.011341381623,3.169639083763,94.4636970670273,2.3666638492097,39.4643681699246
"19450","Mercaderes",0.507048831931205,0.00520481251130329,0.0109386268959071,0.206267886216326,0.17,20.21,21.17,89.15,25765,75.05,24.95,54.23,"6","Rural disperso",640,39.21,28.17,54.2,52.24,3.85,11.47,12.58,44.85,46.66,0,3.7,43.072469770051,8.07487130284121,48.8526589271078,1.24093013000506,4.29,0,29.52,59.78,7.69,87.57,5.79,5.92,0,0,0,40.26,5.92,99.41,126.63,65.5,34.93,34.93,0.8,31.02,68.98,66.75,28.73,94.9,1.9,13,99.6693625542598,191.065709936246,99.6693625542598,140.5185,1.36797431574923,0,1,0,5.93828837570347,54.9194643896759,15.444207257908,7410462.92738211,0,0,0,7515137.12524743,1286268.06532117,1278102.29710848,34071.5031243936,1244030.79398409,1226334.73995731,686715.459926257,8165.76821269164,0.012393485078776,0.380011643702697,5.11501378817281,5.51935847638141,92.5698534018293,1.91078812178925,28.6085775276538
"19455","Miranda",0.198653480586513,0.00295422572535604,0.00112773336633902,0.169046832015641,19.61,28.82,22.07,62.35,32570,43.26,56.74,46.49,"5","Intermedio",212,159.19,-5.67,51,88.41,2.63,6.13,8.7,48.73,50.15,0,7.36,14.5430952157788,52.9732678823156,32.4836369019055,4.29309989498876,5.24,0,16.1,99.32,7.48,90.03,6.11,8.31,0,0,0,53.12,5.54,95.01,129.2,100.84,28.36,40.97,7.49,70.88,29.12,84.82,76.48,97.85,13.42,18,93.5024022172171,45.5443809057303,93.5024022172171,131.6104,0.138460090255214,0,1,6.7877358490566,1.2588271415413,66.8406509057415,51.9855695425238,9666226.67249002,0,0,0,9768372.46349401,1671626.98203869,1544616.0851397,570073.689653055,974542.395486644,947826.563647528,505441.804544059,127010.896898987,0.0339179426180025,0.323426466073073,38.6105952154927,35.9335779107936,62.761150801313,1.30527128789342,31.9588578446423
"19473","Morales",0.524107460035218,0.00582758801330554,0.0126976470575373,0.215001398206854,52.18,2.14,28.2,42.74,44523,94.76,5.24,58.6,"6","Rural",418,100.52,59.23,43.7,73.38,3.33,10.74,11.26,43.75,45.67,0,2.83,43.3307242267404,8.08679651838683,48.5824792548728,1.85079241139528,3.52,0,29.2,64.7,5.44,69.77,4.75,11.19,0,0,0,60.41,7.46,70.9,25.31,20.25,30.37,7.59,1.46,10.01,89.99,53.11,8.45,78.59,1.09,8,41.8901414802355,68.611118300733,41.8901414802355,116.9383,0.254842393289999,0,1,366.581339712919,1.50484019495542,44.5836983132314,9.37897266581317,1973179.42939604,0,0,0,7681366.08546145,1592039.97495676,1330519.57956562,89303.2231655549,1241216.35640006,1189872.83794893,649888.70493902,261520.395391146,0.0106966936010001,0.173371066639714,24.4226376473636,4.28705503787625,94.9286049473755,0.784340014748274,23.5181816139973
"19513","Padilla",0.378594269667572,0.00659930717581883,0.0069961523472339,0.220930457935599,0.82,95.9,21.67,69.83,10541,55.73,44.27,48.49,"6","Ciudades y aglomeraciones",68,155.99,19.21,42.1,70.59,1.98,4.46,4.64,41.36,44.21,0,6.04,41.3600333827758,7.81865317319793,50.8213134440262,0.695773458438538,6.41,0,8.55,93.08,15.57,88.52,5.89,8.2,0,0,0,67.39,0,98.36,80.38,150.71,10.05,110.52,8.7,34.77,65.23,93.81,64.93,98.71,2.58,5,85.4289210053673,34.83584166056,85.4289210053673,121.4787,0.0456484221920014,0,0,0,0.189735319229675,27.6064889479177,26.5231002751162,5384180.32681909,0,0,0,5602637.33023432,1441373.95939664,1311142.29807419,151134.887771559,1160007.41030263,1122250.76757423,676191.131676311,130231.661322455,0.0169848732399084,0.44910350061664,18.5666096324461,25.8175067828074,73.6255890332715,0.556904183921177,34.8638649084527
"19517","Páez",0.557053293913796,0.00226090335603594,0.0053456226555541,0.131250934078747,82.78,5.89,37.23,23.86,52403,95.05,4.95,77.43,"6","Rural disperso",1599,31.04,43.95,55,70.32,4.05,11.08,11.7,41.89,44.42,0,3.54,39.7180133903952,8.11738863616622,52.1645979734386,1.92070663935301,2.57,0,23.23,64.34,3.82,75.55,5,16.15,16.84,0,33.67,75.45,5.87,59.91,12.97,34.57,12.97,2.16,0.07,49.98,50.02,14.05,27.44,79.6,1.35,7,71.7948853151227,98.3242930535407,71.7948853151227,147.1419,0.0815320413956042,0,0,0,0.209911646279793,26.6587790775337,12.1382363605137,6946793.27486976,0,0,0,6999630.54386199,1294719.68324333,1187052.41186573,43335.4457569223,1143716.96610881,1122346.15638418,610757.920806061,107667.271377593,0.0094315083321289,0.0594813274049196,235.852281039461,5.19411052616762,93.3391514878523,1.46673798598012,7.81634639238212
"19532","Patía",0.427856368967543,0.00226908294763249,0.00315958697715313,0.131376339289873,0.14,71.41,23.27,61.59,38915,63.93,36.07,50.25,"6","Rural",723,54.5,11,42.7,75.62,3.09,10.52,12.63,45.37,47.25,0,5.63,32.9757008898065,8.14274692330827,58.8815521868852,1.7842130695575,5.49,0,20.62,88.34,9.59,78.32,5.32,6.12,0,0,0,61.81,4.08,97.35,180.19,80.68,43.03,45.72,2.22,52.12,47.88,51.61,42.51,90.97,6.27,26,62.8628111412286,149.40878470533,62.8628111412286,98.3859,0.287882285276244,0,1,402.275242047026,2.26133881536683,52.6789155852499,31.6864962096878,8640011.74403187,0,0,0,8710117.55199794,1681364.61742259,1553968.50620583,134900.477091096,1419068.02911474,1380524.38715148,732810.570962354,127396.111216754,0.0117979335871177,0.325838365668765,18.5693667192429,10.8391827525696,86.7416645775884,2.41915266984207,40.467685982269
"19533","Piamonte",0.457677045801199,0.0068641504627966,0.0112521525110129,0.231770775266193,18.43,2.99,31.76,27.19,9705,77.3,22.7,59.62,"6","Rural disperso",1162,8.44,24.4,61.5,73.24,3.47,6.09,6.43,46.06,49.19,0,4.47,45.8486745702135,5.23938147711353,48.9119439526729,0.569250627224238,3.13,0,17.93,86.41,4.17,78.33,5.33,0,0,0,0,78.77,0,93.33,22.21,77.74,0,33.32,0.64,47.2,52.8,70.99,30.43,55.06,0.97,31,144.749898841599,246.813189983337,144.749898841599,344.8403,7.79579872323672,0,0,252.40017211704,1.64863472436888,171.458011334364,19.5002575991757,14677567.4578053,0,0,0,14945149.1249871,2647176.95085008,2475866.30303967,279126.565378671,2196739.737661,2153728.24956208,1340971.29366306,171310.647810407,0.0150933013677064,0.211746522411128,14.6954890510949,5.83756345177665,93.5339618080735,0.628474740149867,72.8902627511592
"19548","Piendamó - Tunía",0.347038916776648,0.00226078589356165,0.00201667209285544,0.129401546038459,18.35,1.73,22.68,70.1,42676,66.18,33.82,51.91,"6","Intermedio",171,257.08,14,50.7,88.76,2.78,7.7,8.75,48.21,49.73,71.83,4.45,32.1682447115036,8.00218356434648,59.8295717241499,2.2748474779802,5.93,0,18.76,86.32,9.65,81.61,5.59,10.27,0,0,0,65.01,6.16,93.22,217.59,14.51,31.43,14.51,2.04,37.66,62.34,93.32,40,95.04,6.59,2,27.3807996280601,76.2526307521084,27.3807996280601,43.4154,0.0860873377877904,0,1,3.40350877192982,1.17161870840754,19.4723029337332,29.5013590777018,8967779.43931015,0,0,0,9041303.08016215,1652414.81638392,1542196.75902146,152085.23331615,1390111.52570531,1331512.08051364,655678.481558722,110218.057362452,0.0137165484830382,0.403271159433874,9.57321208599651,16.0196317743904,82.7728582928666,1.207509932743,39.7506795388509
"19573","Puerto Tejada",0.245146463189562,0.0019690154468768,0.000992568436275446,0.128515230155402,0.03,96.08,22.84,58.03,43471,14.15,85.85,46.77,"5","Ciudades y aglomeraciones",92,484.89,-6.11,48.5,103.18,2.29,3.4,2.71,43.41,47.43,108.42,16.49,7.67623718415757,44.5173486582438,47.8064141575987,4.03655097767007,7.42,0,12.8,99.19,12.38,87.46,5.96,12.86,0,31.76,0,66.34,6.43,99.84,830.77,136.86,19.21,86.44,5.03,81.79,18.21,96.97,94.05,99.77,18.51,13,90.9246245654447,22.0147750398195,90.9246245654447,114.0392,0.0137685802829122,0,0,0,1.05817671551149,26.3163948379379,108.003036507097,9008683.50097766,0,0,0,9117821.78482207,1513493.15042212,1402333.11276483,413588.379379356,988744.733385475,953810.79873939,487075.471187688,111160.037657289,0.0238939019063658,0.316509857146143,29.0481946362381,57.6671684738076,40.522514625455,1.81031690073747,34.8784246969244
"19585","Puracé",0.415306428882595,0.00650502768686697,0.00843468270525024,0.221139193320276,76.67,0.16,25.64,46.99,18062,91.22,8.78,51.92,"6","Rural disperso",783,23.78,15.38,49.1,70.2,3.44,6.67,6.87,47.11,48.48,0,2.61,24.2313912796396,8.39976043296026,67.3688482874001,0.649127361962898,4.55,0,22.57,64.22,6.84,76.44,5.38,10.36,0,0,0,48.45,5.18,90.67,51.66,5.74,22.96,45.92,0.62,30.89,69.11,24.04,22.45,93.27,0.6,1,32.5800693536765,125.954736462765,32.5800693536765,51.8569,6.17740734432588,0,0,0,0.166094563171299,17.9382128225003,13.3661831469383,9669184.08841767,0,0,0,9800257.87282693,2046287.25373713,1813353.91850293,87937.5020484996,1725416.41645443,1677166.04434725,1005775.90388661,232933.335234193,0.00924784077191173,0.14195548665707,11.5805304212168,6.46049830975335,93.0574683861275,0.482033304119194,20.3465839884841
"19622","Rosas",0.449638514692912,0.00658943651831734,0.0103301234401187,0.226042057157563,6.18,1.9,20.42,97.23,12028,91.36,8.64,54.52,"6","Intermedio",130,94.39,-9.4,44,69.71,2.6,9.74,10.47,49.09,50.86,0,3.24,30.0654072936854,8.23804923052359,61.696543475791,0.52060213882263,3.81,0,25,81.48,7.78,81.32,5.81,21.98,0,0,0,34.17,21.98,96.7,226.19,8.7,69.6,69.6,2.86,11.76,88.24,46.37,14.4,96.42,0.74,23,30.0348588563187,129.789851034793,30.0348588563187,42.0822,0.254896302746889,0,0,40.0538461538462,0.83139341536415,58.5300964416362,22.3994013967409,9268691.84078816,0,0,0,9485050.10242767,1878678.07116728,1821689.80212837,96419.321333555,1725270.48079481,1704178.21208846,991107.074077153,56988.2690389092,0.0111375276233058,0.403724642500831,4.6686902800659,7.59047720721682,90.8188320700331,1.59069072275008,56.9005653475224
"19693","San Sebastián",0.408009756402383,0.00581099350599851,0.00723532854787553,0.208477207054813,37.19,0.06,20.35,81.27,10813,95.1,4.9,48.29,"6","Rural disperso",389,30.23,-14.6,48.5,51.96,2.25,8.56,8.89,45.74,45.89,0,2.53,42.0537271646929,8.29148115819132,49.6547916771158,0.484832865043343,5.97,0,25.23,75.63,16.22,75.68,4.86,13.51,0,162.87,0,38.38,0,93.24,18.18,9.09,18.18,0,0.28,11.67,88.33,59.39,22.81,92.43,0.7,2,69.7609392077036,172.5900560252,69.7609392077036,128.9931,1.50549061117973,0,0,0,0.18496254508462,18.5887357810043,21.3243318228059,11720347.0461482,0,0,0,11971164.4604643,2293501.00369925,2083483.68815315,56864.4951447332,2026619.19300842,2014049.53121243,1061696.14612041,210017.315546102,0.0115377762894111,0.740220105428651,11.1141029485257,4.44962143273151,93.9196272568433,1.63075131042516,23.8879126976787
"19698","Santander de Quilichao",0.247097867528779,0.00136123142945189,0.000689930195817516,0.106300076978836,27.48,23.51,22.98,59.26,126198,53.6,46.4,48.19,"4","Intermedio",444,265.84,37.57,48.5,96.82,3.48,4.29,6.04,48.55,50.9,111.95,17.22,17.8953220152518,40.8608286240632,41.243849360685,10.8556468842738,5.51,129.2,18.2,79.62,7.43,85.19,5.8,6.46,0,0,0,64.95,2.58,91.99,449.95,93.03,20.57,155.65,2.41,49.97,50.03,82.66,54.4,97.24,22.5,21,58.2552145903316,46.8006714386008,58.2552145903316,78.123,0.012106765668053,0,1,35.454954954955,1.58481116974912,34.8420735669345,81.6184091665478,8159694.26599471,0,0,0,8212629.19337866,1482631.30061491,1303106.50038035,232483.527678727,1070622.97270163,1048566.83722404,505545.569929793,179524.800234552,0.0221349987302238,0.316986006117371,29.6526438017149,35.02791230396,62.7706681817772,2.20141951426278,31.5472511450261
"19701","Santa Rosa",0.518069808102902,0.00657951708302156,0.0142491615504312,0.23041267810954,25.3,0.65,26.71,51.72,5328,88.36,11.64,58.1,"6","Rural disperso",3009,1.89,-44.26,53.7,77.14,5.86,6.31,6.58,47.29,49.02,0,2.46,27.6753860477863,7.07480080273181,65.2498131494819,0.212655901490974,3.34,2941.18,20.38,39.08,9.09,66.67,4.41,0,0,0,0,48.39,0,91.18,18.68,0,74.71,18.68,1.45,14.51,85.49,20.09,19.24,82.32,0.79,4,100.097434539572,203.549546545158,100.097434539572,197.4415,13.7282174025118,0,0,2.13592555666334,0.750750750750751,40.3528528528529,27.0589339339339,12249661.6595345,0,0,0,12652078.7552553,2889488.02909159,2889488.0289039,99677.1343843844,2789810.89451952,2756011.19688438,2011504.2118994,0.000187687687687688,0.0102704503849469,0.586148648648649,1.22698366954851,8.00441622964394,89.8978746894838,2.09770908087221,46.1148648648649
"19743","Silvia",0.594548828166253,0.00127074539437056,0.00333964903159028,0.0971992439460408,86.48,0.08,27.46,43.03,39887,89.47,10.53,55.92,"6","Rural",582,69.42,20.6,49.5,69.99,2.42,10.02,11.15,43.95,45.3,0,4.78,6.95201022372553,8.60037472264886,84.4476150536256,1.19353302822851,4.41,230.41,16.35,57.26,7.37,63.95,4.42,20.74,0,0,0,52.37,9.22,74.88,23.86,5.3,23.86,37.12,1.2,56.04,43.96,34.61,19.35,90.27,3.7,12,33.6618383371012,86.4272367972265,33.6618383371012,62.6842,0.211657513144877,0,0,0,1.00283300323414,29.9596359716198,22.1270087998596,9126883.71053225,0,0,0,9193444.96693158,1692574.15651716,1473143.01351317,64854.2836011733,1408288.729912,1335939.50577883,678720.356005716,219431.143003986,0.00769979803844426,0.152957103818287,15.9550057367645,5.70804472163941,92.9353605610324,1.3565947173282,4.2419836036804
"19760","Sotará Paispamba",0.42363483052891,0.00467613217174293,0.00634684511328491,0.188056041505998,44.06,0.12,22.97,65.96,14596,97.01,2.99,51.68,"6","Rural disperso",449,33.43,-11.19,54.2,48.91,2.08,5.43,5.54,46.94,48.22,0,1.65,40.122593119643,7.07480080273182,52.8026060776252,0.555442411601887,3.94,0,14.66,57.59,7.04,77.46,5.49,42.25,0,0,0,34.65,28.17,95.77,92.34,7.1,35.51,0,3.78,18.93,81.07,47.44,11.84,91.18,0.77,3,26.8575437004252,130.310752937434,26.8575437004252,40.3077,1.01963396984391,0,0,0,0.274047684297068,10.8933954508084,12.0121951219512,2874427.68395451,0,0,0,2949755.90675528,2066799.37482872,1781150.16936147,166175.593929844,1614974.57543163,1591637.89318991,908447.150726226,285649.205467251,0.00979222646291797,0.404220334338175,8.45437457627119,5.43533475566392,93.8534999492025,0.711165295133597,22.1567552754179
"19780","Suárez",0.420860918532776,0.00527084240299266,0.00705583094519923,0.19958848640125,24.9,54.05,26.52,48.27,37158,81.65,18.35,54.81,"6","Rural",370,92.15,65.79,51.1,64.01,3.82,8.01,8.66,40.64,43.8,0,3.68,23.9408279215249,7.75635690270334,68.3028151757717,1.7231978154611,4.03,0,21.31,61.47,12.54,83.43,5.77,11.63,0,0,0,51.71,8.72,95.93,27.93,96.2,15.52,31.03,2.45,28.04,71.96,40.04,27.32,92.68,1.72,5,54.3025529906495,55.2462246420354,54.3025529906495,92.5932,0.0788100626727589,0,1,427.267567567568,43.0593681037731,500.376769470908,10.1727757145164,6406316.20743851,0,0,0,6485736.12936649,1390121.04362452,1221459.8552667,111791.589213628,1109668.26605307,1064010.56165563,636463.948382583,168661.188357823,0.0119332591076548,0.236853436675817,15.5488183161004,5.45325779036827,93.6311210036422,0.915621205989478,32.1007589213628
"19785","Sucre",0.592260763101386,0.00787922746030923,0.0206325953688744,0.242529163433651,0,0.2,21.76,69.34,9756,83.79,16.21,48.88,"6","Rural",128,78.47,5.96,48.8,43.78,3.47,14.7,15.52,43.6,46,0,2.33,37.0076101321094,8.33833265117672,54.6540572167139,0.394548136045886,4.55,0,29.3,70.87,11.63,89.53,6.26,11.63,0,0,0,37.74,11.63,100,10.44,20.87,10.44,0,3.58,14.97,85.03,23.1,19.66,89.58,0.66,45,57.7220603908214,152.998345433796,57.7220603908214,111.425,0.206393736268664,0,0,0,4.920049200492,109.368593685937,12.3687986879869,12143953.0761583,0,0,0,12420726.9548995,2702721.58845838,2286107.41605166,128597.268245182,2157510.14780648,2119058.26660517,1373859.5295203,416614.172406724,0.01040649476166,0.391758917589176,4.14387231815803,4.14878397711016,94.964234620887,0.886981402002861,62.3411234112341
"19807","Timbío",0.485298379279879,0.00245548652366197,0.00473713082825383,0.141823712156706,3.41,0.5,21.48,77.38,38572,59.97,40.03,50.49,"6","Intermedio",169,225.39,18.15,54.9,82.35,3.69,6.7,8.08,51.43,52.39,0,4.05,37.0385771081709,8.14071560408741,54.8207072877417,1.76432303080959,6.12,0,13.59,82.91,7.07,87.63,6.04,12.63,0,0,0,58.86,7.58,100,256.3,22.29,27.86,89.15,1.83,30.08,69.92,93.07,39.53,96.59,7.2,2,18.1676816564456,116.898931420303,18.1676816564456,19.4613,0.222594025074907,0,0,10.8816568047337,1.78886238722389,28.077361816862,23.0911023540392,8375649.58267655,0,0,0,8456146.11122057,1515295.11407238,1477999.79319195,99400.1964637561,1378599.5967282,1333343.22023748,645615.117079747,37295.3208804314,0.011770155778371,0.382583220989319,19.9092261299722,12.6784713291786,86.1476572031523,1.17387146766907,24.2766773825573
"19809","Timbiquí",0.509420099635651,0.00233084837759735,0.00492167974240239,0.137714794614579,17.91,81.36,38.01,19.81,29010,76.94,23.06,76.46,"6","Rural disperso",2002,14.04,24.97,54.5,69.87,2.03,16.72,19.23,35.23,38.86,0,4.71,3.94789550347593,7.01360092293924,89.0385035735848,0.60950588044086,1.95,0,28.95,61.76,13.92,63.29,4.16,33.76,0,0,0,46.39,25.32,98.73,11.38,11.38,22.76,0,0.02,81.63,18.37,18.25,15.55,46.09,0.96,12,102.139954645437,128.040860230609,102.139954645437,563.4249,28.2235513104773,1,0,153.435064935065,0.758359186487418,94.4846604619097,18.8927955877284,8718607.08593589,0,0,116582.985177525,8947301.97576698,1720771.08290245,1648224.6175112,59682.5387452603,1588542.07876594,1565804.11944157,939201.002412961,72546.4653912444,0.00540637836867941,0.0919338159255429,164.707401574803,3.85402759234535,94.5749888740543,1.57098353360036,41.4270941054809
"19821","Toribío",0.551408859073775,0.00595394345897457,0.0139003790075414,0.21381569524038,98.21,0.09,27.84,35.01,39282,94.26,5.74,53.35,"6","Rural",412,91.22,32.84,56.4,72.27,4.64,12.03,12.55,40.04,42.46,0,2.46,17.3738896952037,8.56086697701058,74.0652433277857,1.13173012895461,4.09,0,15.46,85.56,5.63,78,5.48,16.56,29.87,0,59.74,84.24,8.28,76.16,8.33,61.08,19.44,8.33,0.11,75.45,24.55,67.54,20.15,95.85,2.45,32,70.8405354368033,63.0140470290965,70.8405354368033,130.5653,0.399830007335912,0,1,0,1.2473906623899,54.7069904790998,10.1827809174686,9016874.94753322,0,0,0,9084055.35907031,1648620.54034927,1482847.988468,75626.8390102337,1407221.14945777,1376291.67033247,706809.434575633,165772.551881269,0.00741353858284184,0.0252023827707347,247.267939393939,3.41413036875038,95.6806998359759,0.905169795273677,0.282572170459753
"19824","Totoró",0.590158497641813,0.00558243420523733,0.0145050802266012,0.204075750691754,83.83,0.15,29.04,36.26,27100,95.74,4.26,57.51,"6","Rural",384,69.22,40.9,42,63.86,3.49,7.47,7.71,42.8,45.67,0,3.61,30.3162391917824,8.52648455108005,61.1572762571375,0.807484559285414,2.73,0,21.94,61.76,6.21,75.33,5.12,22.8,77.34,38.67,0,55.47,3.26,88.6,71.61,3.98,47.74,79.56,1.06,16.83,83.17,12.35,11.01,89.28,1.68,1,22.9527595034676,101.540430007499,22.9527595034676,36.7271,0.203379043710969,0,0,0,0.03690036900369,8.1549815498155,14.8922509225092,7960932.85295203,0,0,0,8060259.68516605,1777399.42180812,1416256.55369004,84899.4472324723,1331357.10645756,1293486.63723247,707701.419188192,361142.868118081,0.00766727784192391,0.18859778597786,17.2832107219722,5.14875287989582,94.2251828107783,0.626064309325854,9.28782287822878
"19845","Villa Rica",0.286909792264029,0.00192467933634223,0.00123277979799329,0.12237631833306,0.07,94.31,22.5,53.99,23298,32,68,44.53,"5","Ciudades y aglomeraciones",77,287.74,44.44,58.9,75.6,3.67,2.95,2.75,43.04,46.43,0,14.12,14.5314519669114,50.1176776289548,35.3508704041338,2.31772101817619,5.77,0,15.39,81.16,7.42,86.93,5.82,7.07,0,0,0,58.33,3.53,99.65,457.14,57.14,4.76,109.52,4.99,62.21,37.79,49.76,71.58,98.81,7.2,8,79.8907108527393,27.5413088021231,79.8907108527393,102.0215,0.0256523549020744,0,0,0,0.557987810112456,18.2848313159928,59.2325521503992,13175488.7617821,0,0,0,13389795.788308,2513372.68804189,2117784.34749764,1159926.99338999,957857.354107649,923327.13121298,580958.596360203,395588.340544253,0.0255987514633689,0.362305777319942,16.6139936026537,40.1122221422919,59.5496726854183,0.338105172289763,34.0630097004035
"76001","Cali",0.236000150623116,9.26804372511847e-05,4.46101358273742e-05,0.0283011766826779,0.52,14.63,17.18,109.42,2280171,2.31,97.69,43.84,"Especial","Ciudades y aglomeraciones",552,4137.4,5.08,58.3,78.77,4.41,3.1,6,52.14,55.38,212.88,41.32,0.203164652549235,9.99592690811796,89.8009084393328,44.3927727711851,7.72,34.43,9.52,101.45,9.28,89.17,6.44,9.68,3.16,5.06,1.27,32,5.59,99.76,907.12,49.7,22.31,144.99,6.77,90.44,9.56,98.98,97.8,99.7,80,5,103.499692968292,0,0,134.3201,0.0113344266177766,0,0,0,2.55156301873851,2.76163498263946,284.639261704495,8570551.04800693,3467645.17099068,4199008.42758548,0,16485250.822462,2949074.05650103,2409744.66737714,1094736.31239148,1315008.35498566,1180276.75372198,701211.486038986,539329.389123886,0.026792100633468,0.32883060086283,105.571965830433,66.0226388554868,32.722503248702,1.25485789581114,9.89618761049062
"76020","Alcalá",0.324586690009205,0.00691360357638055,0.00546291475418344,0.22770968610581,2.08,1.15,24.13,77.06,14381,25.6,74.4,59.54,"6","Intermedio",64,232.66,-19.96,44.1,62.42,7.36,9.85,12.27,44.42,48.64,0,11.1,60.5952966653459,3.44748055443834,35.9572227802157,0.390846169574213,10.07,0,10.29,77,8.43,82.58,5.87,5.62,0,0,0,69.69,0,100,133.91,77.52,7.05,28.19,4.97,62.27,37.73,92.68,74.98,93.07,14.96,11,261.531633410963,167.056933305098,167.056933305098,329.9517,0.14491936717824,0,0,0,0.556289548710104,6.67547458452124,104.779222585356,11848197.710799,0,0,0,12017287.5208956,2317721.13858563,1841438.96321535,365114.284333496,1476324.67888186,1423540.98511925,755797.444266741,476282.17537028,0.0374006099998596,0.307419511855921,33.9921578828319,23.6683238636364,75.4350142045455,0.896661931818182,34.0935957165705
"76036","Andalucía",0.170872931834585,0.00341299662954392,0.001094737354784,0.193634035929395,0.01,60.27,22.38,84.81,24590,20.67,79.33,56.06,"6","Intermedio",162,142.15,23.71,54.9,63.28,6.42,4.65,7.33,47.76,52.26,0,6.72,31.2323434968607,8.87079833025959,59.8968581728797,0.378047202352879,8.41,0,11.67,55.83,5.99,90.42,6.73,11.98,0,0,0,28.03,5.99,99.4,62.18,22.21,44.41,26.65,4.54,59.25,40.75,96.16,78.52,99.22,24.89,5,192.195418818947,94.3913934451952,94.3913934451952,232.9012,0.0662760013070866,0,0,0,0.244001626677511,4.83936559577064,31.1882879219195,7215871.49922733,0,0,0,7328255.62033347,1490816.25221635,1311029.57446116,389717.986213908,921311.588247255,873123.089385929,489243.016226108,179786.677755185,0.0211567722782531,0.383448556323709,27.9096415314455,39.2988355439318,60.2279095834112,0.473254872657077,20.2074013826759
"76041","Ansermanuevo",0.311294220007976,0.00434742507619889,0.00319417558067191,0.181555050930636,1.35,1.04,26.34,62.33,17894,39.19,60.81,61.16,"6","Intermedio",361,50.82,-15.68,42.4,67.57,7.18,9.43,12.28,48.94,51.24,0,4.39,49.5110998554234,3.52519125421824,46.9637088903583,0.407466638640174,7.16,0,10.26,74.07,6.22,89.12,6.41,10.36,0,66.14,0,73.01,5.18,98.45,46.11,69.17,0,80.7,5,61.56,38.44,78.05,74.8,98.96,11.66,21,265.975336597117,166.386544636109,166.386544636109,325.7594,0.424137846156929,0,0,0,0.726500502961887,11.0651615066503,28.24019224321,11159777.0087739,0,0,0,11313008.0537052,1970031.72739466,1808539.91829664,274725.935453225,1533813.98284341,1498574.42528222,759416.907007936,161491.809098022,0.0313362147917207,0.348329048843188,34.146268249639,25.231495867255,74.2713318003853,0.497172332359704,23.5665586230021
"76054","Argelia",0.346746769918103,0.00502671402966714,0.00448134976418645,0.193059864289454,5.98,1.15,25.49,75.44,5543,45.48,54.52,64.04,"6","Intermedio",88,63.07,-19.36,48.6,68.89,6.35,12.86,15.19,41.23,45.03,0,4.11,65.9668726920249,3.45477990747483,30.5783474005003,0.140750292807748,6.95,0,16.58,69.33,4.65,83.33,5.58,23.26,0,0,0,34.48,0,95.35,19.02,19.02,19.02,95.09,3.67,47.82,52.18,76.1,58.66,98.61,11.35,6,253.558852520613,152.81139485049,152.81139485049,175.1367,0.194017443642683,0,0,0,1.26285405015335,4.32978531481147,28.5044199891755,12694251.004871,0,0,0,13081543.4207108,2673226.76456792,2426155.37560888,210573.519033015,2215581.85657586,2176618.784954,1357603.98087678,247071.388959047,0.0349434949849912,0.360635035179506,22.9333766883442,14.3034568412337,84.0819706064997,1.61457255226661,51.2177521197907
"76100","Bolívar",0.191834135533459,0.00117663386216318,0.000432069231682328,0.108355455204765,11.48,0.63,25.71,75.46,16071,69.49,30.51,66.28,"6","Rural disperso",815,20.21,4.3,47.9,67.73,8.07,9.96,12.34,51.93,51.93,0,6.02,68.445324049678,4.28492825530276,27.2697476950192,0.472093972576845,6.43,0,14.17,99.26,3.7,82.09,5.61,7.41,0,0,0,48.19,7.41,98.52,31.59,31.59,12.64,101.09,3.37,43.94,56.06,84.77,66.73,92.9,10.02,8,211.994324869869,109.513522479766,109.513522479766,129.5657,0.00577925670928999,0,0,14.3337423312883,2.05338809034908,33.1031049716881,30.9252691182876,9520695.63711032,0,0,66747.0736108518,9747699.30184805,1792711.68228486,1663329.13179018,202361.58303777,1460967.54875241,1426993.61159853,801081.60948292,129382.55049468,0.0404247614995261,0.545143426046917,13.9079568542404,18.912631397553,79.7863174220231,1.30105118042392,18.8538361022961
"76109","Buenaventura",0.583063980603387,0.000593891557112419,0.00157416229340437,0.0680469304759643,2.08,86.66,31.61,29.38,328686,22.25,77.75,60.72,"2","Ciudades y aglomeraciones",6785,47.77,-6.27,46.6,62.94,3.31,6.95,15.54,43.19,46.96,80.58,11.12,0.604492581698355,7.86164321190376,91.5338642063979,4.39140731179406,5.48,90.56,24.71,38.46,9.24,66.88,4.67,23.09,10.82,16.22,5.41,58.22,12.68,96.36,228.57,35.78,38.36,64.48,4.56,93.95,6.05,73.17,60.96,90.8,28.05,29,135.376941879241,58.9185087555828,58.9185087555828,229.5106,14.6003053710223,0,1,19.833161385409,20.6793109533111,298.719750765168,83.9286431426954,8924101.56414937,0,5841208.91992357,0,14980737.8883311,2625732.24330516,2546975.21972034,501634.453864783,2045340.76585556,1946933.57310016,1271575.16311008,78757.0235848196,0.0183858802093358,0.314951047504305,71.4879696676971,28.7966006466308,69.4660417921294,1.73735756123984,30.9398635780045
"76111","Guadalajara de Buga",0.171840563775675,0.00117873956675969,0.000382966603773313,0.113881915354939,0.11,2.21,18.19,109.67,132138,13.68,86.32,47.99,"2","Ciudades y aglomeraciones",873,153.14,9.11,53.3,74.06,4.91,3.02,6.09,54.65,56.93,252.81,31.49,7.65399775705423,44.3257517273897,48.020250515556,3.94864620784453,7.54,0,10.16,56.96,8.46,92.3,6.97,11,10.72,0,0,37.99,7.61,100,259.52,56.11,36.63,172.23,2.9,82.05,17.95,98.19,94.37,99.45,58.18,6,163.46001707427,72.9532220271111,72.9532220271111,230.433,2.16780113778065,0,0,0,0.529749201592275,4.74503927711938,180.75860085668,15161259.6113684,0,0,0,15350006.3412417,2546011.32475896,2320799.93759554,670406.479241399,1650393.45835414,1552226.32111883,961293.842785573,225211.38716342,0.0411227742856858,0.311522801919206,87.5606129141969,57.8376847791363,40.4974878750036,1.66482734586008,14.6876750064327
"76113","Bugalagrande",0.166316423809804,0.00285796654964385,0.000889434270094062,0.17931713498395,2.14,1.62,21.77,89.25,25391,46.2,53.8,55.21,"5","Rural",429,60.89,12.58,61.8,67.28,5.56,6.83,10.03,47.61,50.9,0,13.66,26.6343859296687,47.9753896081101,25.3902244622212,1.16421353214467,7.19,0,13.22,57.27,7.37,88.95,6.36,10.53,0,0,0,34.35,5.26,100,135.25,53.28,28.69,28.69,5.49,42.24,57.76,88.08,78.44,97.26,27.06,8,199.9436812107,103.543236793564,103.543236793564,260.2351,1.83695140581634,0,0,0,0.945216809105589,11.8939781812453,71.5312512307511,10896871.9925958,0,0,0,11079111.7967784,2008385.06628333,1811014.05690993,824908.142609586,986105.914300343,969681.164664645,498275.530778622,197371.0093734,0.0630978773030458,0.381237446339254,79.4664049586777,44.8484238090442,54.5623929902306,0.589183200725149,22.3504391319759
"76122","Caicedonia",0.374839473966334,0.000906082213541635,0.000940890375175486,0.0818321936325589,0.65,1.48,21.33,95.63,30115,16.28,83.72,55.7,"6","Intermedio",165,179.37,-6.86,40.5,62.45,7.48,7.86,11.14,49.52,52.38,0,11.64,55.2611800353604,3.51523495027927,41.2235850143603,0.81639225648143,7.5,0,11.02,62.53,6.72,91.04,7.84,7.46,0,0,0,49.67,3.73,99.63,185.26,66.41,10.49,146.81,4.85,76.44,23.56,90.8,85.51,99.27,27.9,7,220.175503173762,129.138052314281,129.138052314281,289.3233,0.0761908107854363,0,0,0,0.730532956998174,4.78167026398805,77.97874813216,9425416.85817699,0,0,0,9531615.32239748,1704190.66986552,1520979.95391001,265662.933222647,1255317.02068737,1202348.60620953,513668.294437988,183210.715955504,0.0373059342964024,0.317250539598207,31.0770682436676,27.4373855801815,70.6462041833833,1.91641023643517,28.0591067574299
"76126","Calima",0.198650799132813,0.00343016103510074,0.00131464467481034,0.182521435939196,0.97,1.73,22.64,75.79,19194,34.62,65.38,52.98,"6","Rural",930,20.88,16.5,50.6,73.42,4.76,5.27,6.54,52.89,55.82,0,7.8,21.5487111928821,3.55309947636143,74.8981893307565,0.429988025319125,5.91,531.91,11.05,80.23,7.98,89.89,6.31,10.64,0,0,0,44.04,5.32,99.47,137.58,55.03,38.52,55.03,4.54,55.84,44.16,85.35,69.93,98.56,19.31,3,164.727927866102,61.485564391843,61.485564391843,248.5996,4.9556290600839,0,0,0.48494623655914,0.833593831405648,11.4619151818277,42.2788371366052,10528868.2792539,0,0,0,10700184.1241534,2274990.16536418,1989178.98166094,557608.951495259,1431570.03016568,1307560.86193602,711338.623580285,285811.183703241,0.0308285275661976,0.509482129832239,54.4448522343798,29.7281812973455,68.9604685212299,1.31135018142466,8.2577888923622
"76130","Candelaria",0.0843703325877526,0.00188023385481937,0.000308681553642066,0.208240682089188,0.57,23.23,19.79,74.56,110619,74.82,25.18,42.62,"2","Ciudades y aglomeraciones",303,310.57,30.63,63.3,102.37,5.09,3.58,3.46,49.4,52.71,126.53,8.23,19.4066643650319,36.5499481359915,44.0433874989766,2.93356212915343,6.01,0,13.01,57.95,9.39,85.86,5.85,10.54,0,0,0,44.29,9.66,99.47,236.09,77.27,12.88,144.88,6.17,64.98,35.02,91.7,89.19,99.5,47.56,7,104.577147762101,21.0729324538038,21.0729324538038,136.0275,0.0779405151472539,0,0,0,0.650882759742901,3.36289425867166,42.2418391053978,5772187.51760547,0,3458840.10976415,0,9428812.1556785,1652193.92592593,1489587.20085157,772046.585387682,717540.61546389,633063.847792875,314740.092687513,162606.725074354,0.036494504723657,0.323470651515562,74.1300983734839,55.6767236156549,43.8695693148619,0.453707069483151,16.7050868295682
"76147","Cartago",0.293248262981083,0.00202407216344122,0.00135329212623361,0.125447014253517,0.28,2.33,17.29,125.47,142792,3.24,96.76,49.88,"2","Ciudades y aglomeraciones",260,551.08,8.73,57.4,69.62,5.18,4.26,6.96,51.38,53.95,214.88,24.82,10.9305566395442,27.9551572850633,61.1142860753925,2.89483042165541,8.24,172.41,11.79,62.16,7.59,83.62,5.91,12.93,0,0,11.12,39.89,9.48,99.83,201.32,39.53,21.23,131.78,5.92,96.23,3.77,98.18,97.49,99.59,48.13,7,259.860714766519,162.574249501968,162.574249501968,307.3723,0.0557057171035992,0,0,0,0.329150092442154,2.37408258165724,154.043994061292,4960912.10359124,4409567.32634181,5326784.90054065,0,14828149.0507802,2514715.02146479,2300113.69405149,553449.309401087,1746664.3846504,1608365.41831475,947244.844620147,214601.3274133,0.0278985198948012,0.356952770463331,46.142941338042,53.5643094447081,44.6511627906977,1.78452776459421,10.8283377220012
"76233","Dagua",0.207021979672274,0.00337893456705169,0.00136621522840808,0.178543113407753,2.2,19.09,20.39,96.43,57738,77.62,22.38,52.73,"6","Rural disperso",939,53.03,37.35,61.5,67.41,4.11,6.67,7.4,45.79,49.37,0,4.83,47.3260683802263,11.6046632603833,41.0692683593904,1.06786001862707,5.3,220.26,15.41,55.28,7.93,75.55,5.34,13.22,25.19,0,0,44.51,4.41,97.8,79.99,18.46,20.51,112.8,3.41,29.8,70.2,81.88,44.73,94.98,15.11,5,130.407814265921,30.7529401680544,30.7529401680544,186.0485,0.0578633061214041,0,1,6.26943556975506,1.54144584156015,23.4680799473484,19.2507534033046,7750153.4286605,0,0,0,7812883.35752884,1418878.18159618,1309203.16377429,309412.407547889,999790.756226402,803159.521580242,458224.905712009,109675.017821885,0.0254515655948488,0.429076171672036,15.5402934528134,26.813485892024,72.2506109753388,0.935903132637192,28.4665211818906
"76243","El Águila",0.294073076447916,0.00353827265058706,0.00236298147886876,0.165300776572456,1.67,0.76,26.06,64.33,9210,71.12,28.88,61.27,"6","Rural disperso",255,35.91,-16.65,41.9,60.78,6.29,11.12,12.38,46.22,50.87,0,2.84,55.9262721432546,3.51509040987577,40.5586374468696,0.207396809965348,6.54,0,15.74,61.76,4.84,85.48,6.47,0,0,0,0,42.74,0,100,11.5,46,0,0,4.53,31.65,68.35,72.11,58.88,97.94,10.32,9,277.714701417485,177.233235296389,177.233235296389,358.5805,1.03090102808636,0,0,0,0.760043431053203,13.7893593919653,20.0510314875136,12200621.6368078,0,0,0,12423690.6205212,2340107.09554832,2117296.04647123,194257.119001086,1923038.92747014,1860883.65841477,1033932.6267101,222811.04907709,0.0309887710698007,0.39728555917481,17.493615742006,9.97162545601946,88.5150655316849,1.51330901229564,15.5483170466884
"76246","El Cairo",0.254004114002871,0.00530065015236143,0.00282345865625291,0.209194357153031,2.38,2.68,25.41,77.11,7034,51.35,48.65,64.31,"6","Rural disperso",274,25.75,-26.84,53.6,67.02,7.09,9,10.22,46.75,49.91,0,2.64,59.2443347287834,3.53863011738584,37.2170351538307,0.15463237073285,6.3,0,14.51,55.14,5.88,92.16,6.82,19.61,0,0,0,59.57,0,100,15.07,150.67,75.34,15.07,2.27,38.14,61.86,75.49,61.57,98.38,10.93,1,257.850552221493,156.107219420056,156.107219420056,375.6166,0.491320090013916,0,0,0,0.852999715666761,24.7369917543361,22.5689508103497,13027242.4810918,0,0,161692.732442423,13451308.9125675,2300520.9114302,2182653.32797839,167429.386408871,2015223.94156952,1729332.18311061,1036342.65254478,117867.583451806,0.0302524089174794,0.424936025021325,16.6184342589495,11.426116838488,86.3058419243986,2.2680412371134,33.1959056013648
"76248","El Cerrito",0.144691679449936,0.00348896796708503,0.000936554377280561,0.211506121505289,0.25,24.16,22.87,72.65,56819,34.89,65.11,52.82,"5","Intermedio",456,127.11,3.43,69.4,82.96,4.22,4.68,4.91,50.49,53.44,102.52,7.88,20.1240952040054,27.8460130797839,52.0298917162106,1.3085376634374,7,0,13.03,65.68,10.05,87.25,6.07,8.98,0,0,0,33.89,7.18,99.28,248.09,72.14,14.08,119.64,4.01,71.89,28.11,96.92,91.07,99.69,41.69,6,140.798491750091,50.8525244122649,50.8525244122649,177.8788,0.650447159997118,0,0,0,0.563191890036783,5.49112092785864,52.5396434291346,5771769.9234411,0,4316524.71476091,0,10192653.9109629,1722045.62998293,1560310.40641335,644573.750875587,915736.65553776,701189.930146606,426219.149844242,161735.223569581,0.0316923580033392,0.372164240834932,68.5384072637851,50.8351893095768,48.5225103404391,0.642300349984092,29.4355761277038
"76250","El Dovio",0.427663486848989,0.00516766715660788,0.00715844761819582,0.197836879453427,9.46,0.6,27.66,60.59,9256,35.81,64.19,65.55,"6","Rural",297,31.04,-6.93,48.1,87.17,6.59,12.49,20.96,52.86,54.59,0,6.49,50.3504106575444,3.50325783261032,46.1463315098453,0.207085356152877,8.94,0,16.01,81.01,4.55,77.12,5.81,12.99,0,0,123.3,53.85,0,81.82,0,22.96,22.96,22.96,4.61,49.24,50.76,81.14,70.16,93.62,9.47,2,232.785889933989,130.860266265808,130.860266265808,307.797,0.0262616759231745,0,0,0,17.1780466724287,308.772687986171,36.7059204840104,15951968.3695981,0,0,44049.80866465,16240373.7547537,3090418.04429559,2819516.42718237,307011.966076059,2512504.46110631,2470587.11560069,1250882.95581245,270901.617113224,0.0307884591833343,0.477203975799481,16.3279578899706,16.3756206129087,82.16058894025,1.46379044684129,36.938202247191
"76275","Florida",0.241902478104377,0.00594911747099216,0.0029633225467165,0.225034520974076,9.14,9.92,21.34,76.19,57543,28.74,71.26,49.36,"6","Ciudades y aglomeraciones",413,141.7,2.44,57.7,77.19,6.23,5.32,6.47,50.77,53.36,106.95,8.84,27.880468050763,8.10136929046787,64.0181626587692,0.889502042120572,6.52,0,12.03,71.46,9.16,87.41,6.17,11.44,0,0,0,45.58,4.29,96.71,126.53,52,3.47,62.4,4.5,65.96,34.04,94.38,88.47,96.76,25.26,9,104.153814221029,46.21747979008,46.21747979008,142.6879,0.153392325190979,0,1,0,0.799402186191196,24.2774968284587,56.5808178231931,7381262.81747563,0,0,0,7447841.93540483,1352654.7429922,1313234.52183584,278615.813495994,1034618.70833985,981409.079175573,481639.66067115,39420.2211563526,0.0212723936534318,0.317275776375928,47.3299408446075,48.6299366162847,50.437185112953,0.93287827076223,22.683905948595
"76306","Ginebra",0.261182422460713,0.00217630108662063,0.00120904672498133,0.133130510351452,1.27,1.07,21.87,84.06,24240,52.48,47.52,53.94,"6","Intermedio",275,91.29,18.02,57.2,76.32,5.05,3.68,4.68,51.74,54.8,0,9.7,34.7950567275336,14.1677210610348,51.0372222114316,0.547037541732699,5.16,0,14.24,58.33,7.02,92.98,7.07,5.85,0,0,0,27.55,0,99.42,126.59,13.1,30.56,113.5,3.81,45.53,54.48,89.04,77.91,99.12,26.42,7,148.695210313939,57.3047772294587,57.3047772294587,190.2786,0.0590353807817176,0,0,0,0.866336633663366,7.54950495049505,55.9302805280528,8987834.18721122,0,0,0,9116114.48667492,1576575.61947195,1500477.01765677,383214.537376238,1117262.48028053,1052201.89216172,522048.505693069,76098.6018151815,0.0310560650768838,0.388572607260726,30.7288703684043,39.3195370045598,59.9037931552839,0.776669840156336,31.7161716171617
"76318","Guacarí",0.142114639632979,0.00107282807251519,0.000282342767973003,0.118235942022951,0.2,31.3,23.6,69.94,34561,36.49,63.51,54.24,"6","Intermedio",166,213.93,4.37,66.7,76.8,4.99,5.31,6.32,48.77,51.58,0,12.04,38.5173567450405,18.2804636754746,43.2021795794849,0.788672678931712,6.67,0,10.79,64.13,7.86,87.53,6.95,10.84,0,0,0,45.2,10.84,100,176.62,77.83,11.97,152.67,5.23,64.35,35.65,96.96,88.23,99.3,30.29,1,149.855390367885,52.7944884271673,52.7944884271673,182.0742,0.61527954813041,0,0,0,0.983767830791933,13.1072596279043,77.7515118196812,5233796.29000897,0,4203031.22444374,0,9541562.97696826,1684567.29408871,1517072.45730737,520543.001591389,996529.45571598,887445.286131767,457725.701657938,167494.836781343,0.0314030917499857,0.363965163045051,22.8822847603148,48.9140300829876,49.4553941908714,1.63057572614108,25.8817742542172
"76364","Jamundí",0.206298512477446,0.00103271847613685,0.0004189397962523,0.0992155426573837,1.35,27.93,22.97,62.16,189878,23.39,76.61,48.45,"2","Ciudades y aglomeraciones",603,300.96,64.83,53.7,78.35,5.89,2.73,5.35,52.4,54.94,159.5,8.51,16.6011044566712,13.4250343868425,69.9738611564863,2.97602375277203,5.06,0,13.97,60.45,10.31,90.12,6.62,12.35,0,16.02,8.01,35.49,5.91,99.46,355.75,45.08,32.89,92.59,7.59,67.97,32.03,95.05,87.37,98.57,54.87,14,81.3418360133804,22.7495809108451,22.7495809108451,126.7162,0.601821719622671,0,0,297.734660033167,1.02170867609728,28.0021908804601,36.2386374408831,4246200.1987118,3491678.15704294,3234817.02640116,0,11124354.0760541,1904950.51856982,1810323.37679984,649447.027264875,1160876.34953496,1103542.50437123,743479.116148264,94627.1417699786,0.0215686844271065,0.394558611318847,44.3365112523025,57.5317277184886,41.5243726564753,0.943899625036054,6.1281454407567
"76377","La Cumbre",0.147708363582434,0.00245435495010732,0.000671669477971967,0.17545781632779,0.77,1.85,19.64,122.61,18290,79.91,20.09,58.97,"6","Rural",165,105.1,46.7,61.2,69.8,6.42,6.28,6.87,49.91,53.69,0,4.62,59.4610619407697,4.31805520613728,36.220882853093,0.349408265452928,5.63,0,16.66,53.73,12.84,78.9,5.77,27.52,0,0,0,33.49,18.35,100,133.97,0,18.27,79.16,4.99,28.27,71.73,86.85,37.12,97.1,27.59,2,134.386633229742,30.9421772902236,30.9421772902236,184.0809,0.00726263804819466,0,0,0,0.492072170585019,2.73373428102788,18.2110442864954,3821114.72886823,0,4735311.92629852,0,8691093.73439038,1487240.10825588,1449955.18999453,299625.125423729,1150330.0645708,1122544.19961728,608974.424220886,37284.918261345,0.0262894427468688,0.512301804264625,10.4444482390608,24.3975903614458,74.5381526104418,1.06425702811245,14.2099507927829
"76400","La Unión",0.310276615368601,0.00467841862817973,0.00342017791874781,0.18848435339799,0.27,0.74,22.58,79.37,34777,18.97,81.03,53.94,"6","Intermedio",121,287.41,6.78,54.8,72.07,6.49,5.14,7.5,50.11,53.61,0,9.15,33.830156554995,4.59680204016991,61.5730414048351,0.584084604432857,6.78,0,10.68,73.6,5.33,85.33,6.04,6.67,0,0,0,40.62,6.67,100,75.93,64.24,26.28,70.09,3.97,63.17,36.83,95.39,91.63,99.21,17.22,12,236.320209464067,136.897345996441,136.897345996441,286.707,0.00474687432776656,0,0,0,0.31630100353682,5.6646634269776,67.8370762285418,4055396.85214366,265310.577393105,6470074.39851051,0,10893402.9046784,1893105.72266153,1708832.33059206,354157.353480749,1354674.97711131,1277305.36642034,579437.999884981,184273.392069471,0.0231124271602623,0.366334071369008,40.059759811617,30.4805938227338,67.7800842926338,1.73932188463232,23.5155418811283
"76403","La Victoria",0.287579897258377,0.0043154953511002,0.002780134667461,0.183347246626241,0.02,0.85,17.48,143.64,12681,23.03,76.97,55.82,"6","Rural",278,44.97,-13.87,56.6,76.58,7.13,8.38,11.48,47.03,49.65,0,7.33,44.687806263699,3.62346593858535,51.6887277977157,0.257046471875259,9.52,0,11.05,60.14,9.64,87.95,6.23,24.1,0,0,0,43.67,24.1,100,50.08,83.47,16.69,25.04,2.87,73.37,26.63,91.11,89.36,97.3,23.42,2,234.096502318537,137.659472685811,137.659472685811,284.5656,2.45601901228569,0,0,0,0.788581342165444,4.73148805299267,51.902058197303,12026962.6866178,0,0,0,12231684.5532687,2069117.72218279,1932195.70861919,449383.913729201,1482811.79488999,1437138.5594196,742811.839602555,136922.013563599,0.0278945947552822,0.440343821465184,23.6318982808023,33.7539992890153,63.9264130821187,2.31958762886598,24.3671634729122
"76497","Obando",0.299571729054856,0.00491957097058614,0.00338762851003235,0.194288485775955,1.77,3.2,24.35,78.24,12572,24.34,75.66,61.47,"6","Intermedio",213,59.34,-14.38,50.6,52.15,3.84,9.11,10.11,42.75,47.83,0,6.35,57.6283942500824,3.38894573079999,38.9826600191176,0.372938279779983,7.22,0,11.79,76.54,4.84,86.29,6.86,0,0,0,0,45.45,0,99.19,32.95,57.66,16.47,24.71,7.54,65.51,34.49,94.13,94.3,96.88,17.74,15,247.008005122973,149.961111569606,149.961111569606,295.7511,0.616450551592218,0,0,0,0.238625517021954,6.92013999363665,44.152083996182,10760783.018931,0,0,0,10981973.6049157,1919347.7397391,1725707.32667833,369896.37368756,1355810.95299077,1326152.94662743,757873.690502704,193640.41306077,0.0408220210829929,0.387925548838689,52.7147139635022,34.3493798612571,64.5364725667437,1.11414757199916,16.4572064906141
"76520","Palmira",0.20769656033191,0.00114778178204457,0.000474489227823819,0.104877873825819,0.13,6.51,20.54,87.91,378446,22.21,77.79,49.9,"1","Ciudades y aglomeraciones",1044,344.4,22.79,63.9,79.03,5.14,2.58,3.75,53.71,55.89,221.68,23.29,9.30622082875579,28.0161608835369,62.6776182877073,7.59228955831891,7.21,0,11.43,55.9,7.71,84.25,5.9,8.16,0,3.9,0,31.97,5.44,99.91,453.96,36.08,13.35,190.05,6.34,73.4,26.6,97.89,94.45,99.63,59.4,3,127.869047758197,42.5132437036911,42.5132437036911,163.8734,0.121673298783651,0,0,0,1.04109965490453,2.97004063987993,128.649133561988,6942812.70279776,4662226.78811508,3949926.07988458,0,15784687.6380673,2591474.18985271,2305755.2204621,862809.371749206,1442945.84871289,1127236.69622615,809448.179536843,285718.969390613,0.0276077335950349,0.326746748545367,73.0414173998835,61.1646047112064,37.4392267020117,1.39616858678183,11.8555883798481
"76563","Pradera",0.201095575249391,0.00191894024617781,0.000748063028251591,0.136008665902874,0.64,32.11,21.28,78.87,49776,12.01,87.99,49.93,"6","Ciudades y aglomeraciones",369,133.92,-2.51,43.4,67.97,7.5,7.27,8.64,50.55,52.98,81.48,10.16,18.0109094031993,24.3454447285297,57.643645868271,0.935383079835896,6.04,0,10,73.45,9.69,89.73,6.5,1.94,0,0,0,49.74,0,99.03,144,52.17,18.78,98.08,5.71,75.03,24.97,93.08,87.41,96.86,25.11,1,115.315913532594,43.9163761303829,43.9163761303829,151.9998,0.0628774202140268,0,1,0,0.984410157505625,10.8285117325619,68.8952507232401,7383118.68518965,0,0,0,7463777.23738348,1823401.06133478,1791122.70262777,348091.50028126,1443031.20234651,1255836.23199936,1008314.4809145,32278.3587070074,0.0258601731051081,0.31268081002893,52.6945194037522,48.5784076405088,50.4797324061441,0.941859953347124,25.5343940855031
"76606","Restrepo",0.241473632865204,0.00390688197858412,0.00193665234623158,0.182245207805213,1.02,0.84,24.02,72.08,15926,31.82,68.18,57.22,"6","Intermedio",248,66.7,-3.15,47.7,85.58,4.18,6.42,9.14,48.5,52.57,0,8.65,60.4975940057319,3.31016840761788,36.1922375866503,0.582173244163097,7.19,0,11.12,77.82,10.23,87.5,6.58,22.73,0,0,0,55.03,22.73,99.43,45.77,58.84,13.08,19.61,2.87,42.16,57.84,92.62,71.55,99.27,20.12,12,149.346097347485,45.8555101233397,45.8555101233397,210.9773,0.549170784147039,0,0,0,1.50696973502449,6.90694461886224,55.1927665452719,11526643.4777094,0,0,0,11683939.8634937,2069448.60184604,1951178.40675625,375066.287077735,1576112.11967851,1533968.95140023,819146.193143288,118270.19508979,0.0503045701564578,0.4061283435891,31.3927380952381,34.053529161862,64.9754202828185,0.971050555319536,26.4222026874294
"76616","Riofrío",0.267094353991267,0.00524743093068,0.00301350780737849,0.205528216099879,0.21,2.88,24.42,73.72,16128,50.41,49.59,58.58,"6","Rural",317,50.44,-10.49,58.2,72.74,5.63,8.34,9.72,47.06,49.38,0,6.54,41.9731825093417,20.5134612863124,37.5133562043459,0.376054547060867,6.53,0,13.69,57.66,8.97,90.34,6.85,0,0,0,0,34.7,0,100,71.05,45.21,25.83,32.29,8.44,56.35,43.65,84.87,69.7,97.78,9.95,5,184.544799440414,82.6885637508539,82.6885637508539,241.6066,0.431345073687646,0,0,0,1.55009920634921,8.92857142857143,35.9312996031746,12858764.437252,0,0,0,13035782.2991691,2265788.09151786,2123963.97414435,490225.423115079,1633738.55102927,1587590.10571677,748756.944940476,141824.117373512,0.032087231034952,0.425843253968254,25.5100349446709,26.0626473560121,73.3849781071068,0.552374536881105,10.7762896825397
"76622","Roldanillo",0.2727397133463,0.00509091943445615,0.00302149717701241,0.201540678680206,0.34,0.56,21.7,90.05,38443,22.67,77.33,55.21,"6","Intermedio",209,180.73,6.05,60.4,75.84,3.63,4.41,6.42,50.05,53.71,0,11.13,39.5145351280053,3.75721194238567,56.728252929609,0.643013494482786,6.93,0,10.84,64.74,9.34,89.16,6.08,6.02,0,0,0,29.37,6.02,99.7,84.31,35.36,10.88,114.23,4.3,70.7,29.3,95.26,84.72,99.34,31.52,5,224.415164336238,124.434196205827,124.434196205827,273.2772,0.489647962693294,0,0,0,0.390188070650053,4.44814400541061,62.5016257836277,9058649.28416097,0,0,0,9145498.43417527,1595859.2166064,1495963.81658559,334084.300080639,1161879.51650496,1127205.0031215,514120.291418464,99895.40002081,0.0230178485061247,0.413105116666233,43.0303841067943,36.8781874425215,59.9838363570493,3.13797620042917,15.7401867700232
"76670","San Pedro",0.170695610315552,0.00422743748971574,0.00135418430389911,0.215584004671766,0.25,0.43,23.67,69.2,17270,52.19,47.81,54.2,"6","Intermedio",197,92.06,7.34,59,71.83,5.61,5.41,6.37,47.86,51.46,0,6.69,57.6732851084699,5.50232836638278,36.8243865251473,0.445258271629657,5.99,0,13.07,43.4,11.54,94.87,7.08,19.23,0,0,0,38.25,12.82,100,111.23,105.37,23.42,46.83,3.76,61.18,38.82,91.98,84.47,97.86,20.79,4,173.172017629701,76.0817886908619,76.0817886908619,213.0481,0.876000006574169,0,0,0,0.231615518239722,7.81702374059062,47.2640416907933,9102892.52958888,0,0,0,9271108.30712218,1849858.9582513,1698760.68123914,540658.872900984,1158101.80833816,987066.137984945,590732.936768963,151098.27701216,0.0354798332751676,0.426172553561089,28.7721508152174,35.4240523588765,64.0123625124989,0.56358512862467,13.8390272148234
"76736","Sevilla",0.345379631579637,0.00499514244531652,0.00442288946164869,0.192555674184826,1.1,0.51,20.93,103.35,43923,22.72,77.28,57.53,"6","Intermedio",639,68.54,-11.99,50.6,62.92,7.38,7.79,10.79,51.87,53.55,89.36,7.94,58.9610736764673,3.74860966980021,37.2903166537325,1.12353804300575,6.73,0,12.5,62.06,7.05,88.59,7.38,5.42,0,0,0,45.94,2.71,98.92,137.34,67.47,14.46,149.39,3.36,74.24,25.76,88.47,81.1,98.48,22.44,5,206.789871219196,116.293139779788,116.293139779788,290.3304,0.530683387752209,0,0,0,0.455342303576714,9.19791453224962,53.8118980943925,2748322.05628031,0,7116402.77016597,0,9934680.70937777,1638510.99248685,1593733.83839902,206659.487170731,1387074.35122829,1346924.353505,569293.398105776,44777.1540878355,0.0352012186344309,0.317419119823327,32.3611684119925,21.7587316060077,76.5519337436365,1.68933465035585,23.2065205017872
"76823","Toro",0.373203694453804,0.00578324614774369,0.00595275965217131,0.206734634045016,0.36,1.81,24.6,80.13,14973,30.33,69.67,63.55,"6","Intermedio",194,77.29,-8.18,51.2,59.55,6.11,9.76,12.44,47.4,50.31,0,4.16,30.3595670743866,3.94912133076918,65.6913115948442,0.200912690672221,7.44,0,13.06,48.79,4.4,87.91,6.45,0,0,0,0,37.04,0,98.9,6.91,96.77,13.82,20.74,5.98,67.21,32.79,86.98,71.84,97.57,13.61,1,247.671719127714,148.078589021073,148.078589021073,299.7973,0.0892876027327316,0,0,0,0.400721298337007,11.6209176517732,29.3748747745943,10411947.6529086,0,0,0,10585449.8059173,1825180.72543912,1757156.36465638,239727.942830428,1517428.42182595,1489361.15254124,766558.205035731,68024.3607827423,0.0184654738630533,0.375809790957056,20.468690243469,20.6091614037893,77.9838516268287,1.40698696938204,44.1060575702932
"76828","Trujillo",0.362514157334695,0.00439017191187161,0.00426434326788694,0.180136245479041,3.72,0.73,25.12,74.27,19948,50.73,49.27,62.27,"6","Intermedio",232,85.12,2.99,60,64.63,4.58,9.63,12.05,48.08,50.91,0,3.79,49.2710689785091,3.79714804510202,46.9317829763889,0.35577282381296,6.37,0,17.04,63.05,7.82,89.33,6.45,5.59,0,0,0,42.79,5.59,93.85,20.97,20.97,5.24,57.67,4.66,56.48,43.52,82.29,67.82,97.45,12.94,8,197.651202965409,95.5849148909726,95.5849148909726,253.867,0.230949453894123,0,0,0,0.952476438740726,22.2077401243232,20.6371566071787,11407043.6408161,0,0,0,11567934.986916,2078380.43678564,2002626.51779627,205550.774363345,1797075.74343293,1767365.37968719,850341.823841989,75753.9189893724,0.0245434337741585,0.312161620212553,25.991490284246,14.9505526468877,84.2117510180337,0.837696335078534,36.7304992981753
"76834","Tuluá",0.257428514132288,0.000984465798286168,0.000541228123605218,0.0903719238745279,0.28,4.55,19.12,96.45,224250,17.44,82.56,47.67,"2","Ciudades y aglomeraciones",818,284.57,13.57,60.8,65.44,5.68,3.81,7.02,52.41,54.88,206.26,20.76,7.20986988056557,12.0357013519155,80.7544287675189,3.79888239563552,8.38,48.73,10.89,61.67,7.6,90,6.93,13.65,0,6.35,0,35.55,8.28,99.85,264.84,50.01,52.78,64.82,6.32,79.56,20.44,97.58,95.73,99.17,55.02,5,184.152271947334,92.0292419826269,92.0292419826269,241.6773,2.84058216099907,0,0,0,0.842809364548495,13.0613154960981,134.935696767001,8693601.42380825,4343622.53100557,0,0,13206348.0524103,2229951.2309476,2092366.90113712,478713.453007804,1613653.44812932,1558226.753534,928741.815562988,137584.329810479,0.0233123099730619,0.280686733556299,57.1408262900356,50.6135593520247,47.7594245724549,1.62701607552044,12.4276477146042
"76845","Ulloa",0.221857831780414,0.00410883305581541,0.00181330774393671,0.191938012680657,0.05,0.26,24.01,79.01,5636,52.73,47.27,60.57,"6","Intermedio",43,135.6,-4.87,53.9,62.22,7.58,8.76,10.36,48.52,51.17,0,6.77,54.3155482452531,3.71199800321353,41.9724537515334,0.132929935739637,7.62,0,20.02,36.25,5.56,94.44,6.28,0,0,0,0,36.7,0,100,18.48,0,36.95,0,5.25,48.37,51.63,92.21,65.91,98.52,11.25,1,264.703279247132,170.040365822395,170.040365822395,335.4259,0.117308902286887,0,0,0,0.177430801987225,0,39.8030518097942,10544217.5463094,0,0,0,11027645.1252661,1844532.75904897,1763420.70972321,269066.711674947,1494353.99804826,1450154.86337828,886596.967530163,81112.049325763,0.0324573995815444,0.370475514549326,32.1834865900383,24.4170463682659,74.2160278745645,1.36692575716966,16.7849538679915
"76863","Versalles",0.399069270481297,0.00529492475376768,0.00627345521663673,0.198474681618419,1.8,0.34,22.8,92.82,7457,40.81,59.19,61.48,"6","Rural",462,16.15,-12.18,48.9,65.34,4.66,8.32,11.98,50.49,51.67,0,5.82,59.0327248788064,3.81978236023858,37.1474927609551,0.202133470532582,8.92,0,16.42,74,7.58,90.91,6.52,15.15,0,0,0,48.28,0,96.97,56.58,42.43,0,14.14,3.58,49.08,50.92,84.18,70.06,98.91,7.99,4,243.353012830374,141.916934795607,141.916934795607,325.5675,0.219996032768373,0,0,0,0.670510929328148,17.9696929059944,37.4373072281078,12728514.2973045,0,0,0,13047835.8255331,2470712.92181843,2278362.12498324,205624.879710339,2072737.2452729,2045998.22046399,1053767.49510527,192350.796835188,0.0373023335676971,0.467480219927585,25.235421686747,18.7370743140769,79.5395008961809,1.72342478974218,24.7820839479684
"76869","Vijes",0.236087412061672,0.00282113309652141,0.00135481929033369,0.155907803934242,1.68,1.53,22.11,88.7,13893,35.29,64.71,57.02,"6","Ciudades y aglomeraciones",122,108.94,30.11,53.7,67.4,7.09,5.94,11.81,47.3,50.14,0,5.67,53.6074413101278,4.53617621134703,41.8563824785252,0.323877418927164,6.13,0,11.63,64.48,5.13,82.05,5.87,17.09,0,0,0,36.29,8.55,99.15,78.02,23.41,0,46.81,6.14,57.83,42.17,92.26,73.51,98.15,26.15,1,142.475725842037,40.0426176329332,40.0426176329332,183.4967,0.290714622222859,0,0,0,0.215936082919456,3.16706254948535,28.9836608363924,3569745.03742892,195751.298639603,4427693.0814079,0,8369751.33138991,1420053.66076441,1365737.74440366,231602.867919096,1134134.87648456,1105044.51162456,642642.660044627,54315.9163607572,0.0320809001572351,0.401785071618801,20.6803726262988,33.2995951417004,65.7444894287,0.95591542959964,29.1873605412798
"76890","Yotoco",0.203630228528829,0.00144940505018632,0.00057285157923096,0.117538138595729,0.92,0.99,22.45,79.3,16743,45.95,54.05,54.33,"6","Rural",390,42.23,2.93,72.1,78.01,4.09,5.8,7.47,48.32,52.47,0,6.96,35.9038195536536,27.1612692513288,36.9349111950177,0.527708925440438,6.36,0,12.72,60.26,8.72,83.89,6.48,13.42,0,0,0,28.44,13.42,100,124.09,43.43,12.41,99.27,5.34,48.96,51.04,89.05,67.65,98.84,26.44,5,161.001097197216,59.5492603492333,59.5492603492333,204.4312,0.0668022113126483,0,0,0,0.418085169921758,7.52553305859165,42.9684047064445,11279862.8843696,690052.772979753,5307096.26040733,0,17474360.0181568,3255748.74950726,2812965.17690975,906619.633637938,1906345.54327182,1070396.54225647,717645.335543212,442783.572597503,0.0433733607316558,0.419638057695753,37.3853088528323,36.177318961591,63.3444663731593,0.478214665249734,26.5603535806008
"76892","Yumbo",0.281760420447449,0.000254420605346654,0.000159370438125575,0.0448047333066217,0.53,3.35,19.73,79.06,114676,14.43,85.57,43.85,"1","Ciudades y aglomeraciones",243,448.02,16.42,61.1,103.19,5.49,3.58,5.94,50.65,53.63,222.29,23.01,0.914501158757522,62.6750902516381,36.4104085896044,9.08983256282484,6.11,0,12.65,63.5,8.18,87.56,5.96,12.78,0,11.94,11.94,42.53,5.96,99.83,494.08,100.1,15.61,128.57,8.87,73.76,26.24,95.23,88.17,99.29,49.47,5,125.625438035115,22.9243167413844,22.9243167413844,154.0779,0.437830192602966,0,0,0,1.09874777634379,3.025916495169,154.235236666783,16534418.549278,6658225.5681398,4371383.51672538,0,28395115.2250253,4781800.98112944,4073797.69372842,2472450.50738603,1601347.18634239,1424552.29356622,1022280.58927762,708003.287401026,0.109080032650558,0.314642994174893,142.07278227371,59.1752696344901,40.0858212186228,0.738909146887057,18.4389061355471
"76895","Zarzal",0.18600007617763,0.00193360815374709,0.000685163978077271,0.14072917413374,0.24,16.38,20.13,89.24,43760,22.78,77.22,49.29,"5","Intermedio",371,116.43,2.3,60.9,72.29,4.1,5.29,6.92,47.43,50.81,147.54,16.18,16.2958934548019,40.6768640325839,43.0272425126142,1.19899675037444,7.03,253.16,9.43,63.46,5.32,92.91,7.16,12.66,0,31.35,0,31.12,7.59,99.75,113.77,47.4,11.85,97.18,4.15,86.43,13.57,97.31,94.8,98.82,35.45,5,217.820841248136,120.73372790076,120.73372790076,258.5201,0.48637511980127,0,0,0,0.754113345521024,4.38756855575868,107.876371115174,10990203.7335923,0,0,0,11133871.2814442,2037420.86030622,1823372.73800274,791369.548834552,1032003.18916819,953457.405918647,453096.284369287,214048.122303474,0.037705317701813,0.324131627056673,75.4106535532995,47.156252945057,51.1874469889737,1.65630006596928,43.7042961608775
