"cod_mun","Municipio","departamento","directo_pct","cv_directo_pct","fh_pct","mse_fh","cv_fh_pct","ic95_inf_pct","ic95_sup_pct","amplitud_pct"
"19418","López de Micay","Cauca",67.339111537938,17.7679113620225,73.6359588161932,0.00885730125693309,12.7808801387973,55.1901034440531,92.0818141883332,36.8917107442801
"19318","Guapi","Cauca",54.9766265076062,13.0158737268763,68.0949785311412,0.0055676352650681,10.957722583022,53.4703959390111,82.7195611232713,29.2491651842602
"19364","Jambaló","Cauca",61.9395990544596,16.6725673881417,65.7644525316326,0.00720497707038567,12.9069935317336,49.1278595150526,82.4010455482127,33.2731860331601
"19137","Caldono","Cauca",55.3082146130063,19.1305469864136,64.0224084082256,0.00751050052001102,13.5363767325843,47.0367443145187,81.0080725019324,33.9713281874137
"19701","Santa Rosa","Cauca",51.8069808102902,23.041267810954,60.2146379978079,0.00753698044475651,14.41772091033,43.1990568996176,77.2302190959982,34.0311621963806
"19290","Florencia","Cauca",52.3549226857493,22.5278880286301,59.601484044494,0.00725456064739744,14.2905348798604,42.9077439035893,76.2952241853987,33.3874802818094
"19743","Silvia","Cauca",59.4548828166253,9.71992439460408,56.8621292867007,0.00234081447515474,8.50864449943854,47.3794385223703,66.3448200510311,18.9653815286608
"19022","Almaguer","Cauca",56.2525352371654,20.7687937656349,56.3668112515693,0.00532443299158396,12.945332686976,42.0652064182945,70.6684160848442,28.6032096665497
"19473","Morales","Cauca",52.4107460035218,21.5001398206854,53.9168495382525,0.00544304969143923,13.6834825265181,39.4568179861929,68.376881090312,28.920063104119
"19809","Timbiquí","Cauca",50.9420099635651,13.7714794614579,53.3597820196836,0.00352334657170299,11.1240680109805,41.7258700524085,64.9936939869588,23.2678239345503
"19785","Sucre","Cauca",59.2260763101386,24.2529163433651,53.1412757577148,0.00544937237899678,13.8912480629062,38.6728482023293,67.6097033131004,28.9368551107712
"19392","La Sierra","Cauca",51.3091533789568,21.0445701116623,52.9901179366963,0.00507015651921637,13.4374170752646,39.0341881994687,66.946047673924,27.9118594744553
"19821","Toribío","Cauca",55.1408859073775,21.381569524038,51.7708245797648,0.00468409356989329,13.2198856545837,38.3567451998658,65.1849039596638,26.828158759798
"19517","Páez","Cauca",55.7053293913796,13.1250934078747,51.7646557217813,0.00326009154999299,11.0301538002741,40.5738079250364,62.9555035185261,22.3816955934897
"19824","Totoró","Cauca",59.0158497641813,20.4075750691754,51.0270428547703,0.004314287516236,12.8722403874668,38.1533651229583,63.9007205865823,25.7473554636241
"19256","El Tambo","Cauca",53.4467488422076,9.43488165243152,50.2957599214118,0.00176391028140412,8.35039215502871,42.0641205285491,58.5273993142745,16.4632787857254
"19533","Piamonte","Cauca",45.7677045801199,23.1770775266193,47.7067800899446,0.00413640355140953,13.48128673292,35.1012956055971,60.3122645742922,25.2109689686951
"19100","Bolívar","Cauca",50.0368429949404,15.8401610971324,47.0008801360513,0.00290482796203171,11.4671163127167,36.4373688839413,57.5643913881614,21.1270225042202
"19130","Cajibío","Cauca",50.8721465589494,16.7873629289616,46.6810760875275,0.00310852040092417,11.9436206823852,35.753471998141,57.6086801769141,21.8552081787731
"19075","Balboa","Cauca",45.010901827639,24.5466745884741,45.3010996641123,0.00370073562441453,13.4287406374137,33.377919086991,57.2242802412335,23.8463611542425
"19355","Inzá","Cauca",50.4403345724611,24.2002241180071,44.8694832881247,0.00378383912182393,13.7092994670457,32.8131728364906,56.9257937397587,24.1126209032681
"19622","Rosas","Cauca",44.9638514692912,22.6042057157563,44.1122011795798,0.00357095983087072,13.5467074811986,32.3999447186571,55.8244576405026,23.4245129218455
"19693","San Sebastián","Cauca",40.8009756402383,20.8477207054813,43.8930266264969,0.00334400247552037,13.1746099615529,32.5590741799711,55.2269790730226,22.6679048930515
"19397","La Vega","Cauca",52.7577733005663,21.2545701097264,43.1100464303409,0.00310813178529657,12.9321645429948,32.1831254264591,54.0369674342226,21.8538420077635
"19585","Puracé","Cauca",41.5306428882595,22.1139193320276,42.3275051996899,0.00306263874122848,13.074503757221,31.4808464482164,53.1741639511634,21.693317502947
"19110","Buenos Aires","Cauca",44.9296998852418,22.2576425169483,42.2741042324544,0.00321520571503009,13.4131249010068,31.1605627832364,53.3876456816723,22.2270828984359
"19760","Sotará Paispamba","Cauca",42.363483052891,18.8056041505998,42.0223767272363,0.00277932774141047,12.5455373947925,31.6895779447955,52.3551755096772,20.6655975648817
"19142","Caloto","Cauca",38.1381786380106,19.0987034374947,41.7703280295568,0.00281815239583044,12.709086962839,31.3656096868898,52.1750463722238,20.809436685334
"19807","Timbío","Cauca",48.5298379279879,14.1823712156706,41.2505831518808,0.00202864807911263,10.9187586044903,32.4228042366659,50.0783620670958,17.6555578304299
"19450","Mercaderes","Cauca",50.7048831931205,20.6267886216326,40.9069717728874,0.00276392770941085,12.8518606764299,30.6028393595897,51.2111041861851,20.6082648265954
"19532","Patía","Cauca",42.7856368967543,13.1376339289873,39.6112646553554,0.00164589875699477,10.241954695321,31.6597539196354,47.5627753910754,15.90302147144
"19001","Popayán","Cauca",38.7999218684024,2.67712639485498,38.6231593208177,0.000105857767210621,2.66387332583633,36.606607180182,40.6397114614534,4.03310428127133
"19780","Suárez","Cauca",42.0860918532776,19.958848640125,38.3986742340627,0.00241678421109898,12.8027335624015,28.7633345797275,48.0340138883979,19.2706793086704
"19548","Piendamó - Tunía","Cauca",34.7038916776648,12.9401546038459,34.628776739088,0.00125505061137072,10.2304201367557,27.6852724066435,41.5722810715325,13.8870086648891
"19212","Corinto","Cauca",31.3138472537286,19.6047121522768,32.8447312022731,0.0016572976427526,12.394657895458,24.865733365284,40.8237290392621,15.957995673978
"19300","Guachené","Cauca",31.4021505745962,9.34642812091606,32.715686821539,0.000745851402944675,8.34776305282023,27.3629702675182,38.0684033755599,10.7054331080417
"19513","Padilla","Cauca",37.8594269667572,22.0930457935599,31.3398652364537,0.00187972779362095,13.8340823582415,22.8422791596263,39.8374513132812,16.9951721536548
"19050","Argelia","Cauca",23.8909085592395,20.3243083627791,29.6751956188631,0.00147264097042671,12.9316770118544,22.1538329460748,37.1965582916513,15.0427253455765
"19845","Villa Rica","Cauca",28.6909792264029,12.237631833306,28.6596083199267,0.00082299713820301,10.0098809367141,23.0368780080978,34.2823386317556,11.2454606236578
"19698","Santander de Quilichao","Cauca",24.7097867528779,10.6300076978836,26.8862868288683,0.000590363987879756,9.03710027878842,22.1240825612409,31.6484910964956,9.52440853525477
"19573","Puerto Tejada","Cauca",24.5146463189562,12.8515230155402,24.2333429204199,0.000633572012371905,10.3868692370862,19.2999457182163,29.1667401226234,9.86679440440711
"19455","Miranda","Cauca",19.8653480586513,16.9046832015641,21.142801284672,0.000623495334367059,11.8101136255106,16.2487930584162,26.0368095109279,9.78801645251166
"76109","Buenaventura","Valle del Cauca",58.3063980603387,6.80469304759643,57.0613854244753,0.00132965903402315,6.39039689813767,49.9144767047812,64.2082941441693,14.2938174393881
"76250","El Dovio","Valle del Cauca",42.7663486848989,19.7836879453427,44.6656714773963,0.00382692244782359,13.8500379497666,32.5409178744136,56.790425080379,24.2495072059655
"76054","Argelia","Valle del Cauca",34.6746769918103,19.3059864289454,43.4822768295799,0.00336004360119645,13.3309217699831,32.1211725127748,54.8433811463851,22.7222086336104
"76863","Versalles","Valle del Cauca",39.9069270481297,19.8474681618419,35.8731533959897,0.00213705350921567,12.8865939295834,26.8125777778119,44.9337290141676,18.1211512363557
"76122","Caicedonia","Valle del Cauca",37.4839473966334,8.18321936325589,34.8339548125582,0.000660839331392722,7.37980960546211,29.7955154920541,39.8723941330623,10.0768786410082
"76828","Trujillo","Valle del Cauca",36.2514157334695,18.0136245479041,33.297721442355,0.00163507158297335,12.1437794044707,25.3724074707326,41.2230354139774,15.8506279432448
"76823","Toro","Valle del Cauca",37.3203694453804,20.6734634045016,32.6195428739383,0.00174768334961958,12.8160296575291,24.4258540714658,40.8132316764109,16.3873776049451
"76020","Alcalá","Valle del Cauca",32.4586690009205,22.770968610581,31.1563705082175,0.00171577204285761,13.2948344491765,23.0378314473176,39.2749095691174,16.2370781217998
"76736","Sevilla","Valle del Cauca",34.5379631579637,19.2555674184826,30.4401760029841,0.00142423998716671,12.3977943538051,23.0434474954026,37.8369045105656,14.793457015163
"76041","Ansermanuevo","Valle del Cauca",31.1294220007976,18.1555050930636,29.0892737371928,0.00122331620174885,12.0236544176912,22.2341159609588,35.9444315134268,13.710315552468
"76246","El Cairo","Valle del Cauca",25.4004114002871,20.9194357153031,28.9778325269349,0.00139246488748423,12.8773419488239,21.6640807369621,36.2915843169078,14.6275035799457
"76147","Cartago","Valle del Cauca",29.3248262981083,12.5447014253517,28.9534365266107,0.000853334244413822,10.0892636012691,23.2280122102794,34.6788608429421,11.4508486326627
"76892","Yumbo","Valle del Cauca",28.1760420447449,4.48047333066217,28.1195395022853,0.000148836764382415,4.33857296667668,25.7284094318366,30.510669572734,4.7822601408974
"76243","El Águila","Valle del Cauca",29.4073076447916,16.5300776572456,28.1166692604703,0.00115506552358298,12.087582140887,21.4554856989345,34.7778528220061,13.3223671230716
"76616","Riofrío","Valle del Cauca",26.7094353991267,20.5528216099879,27.0585467062083,0.00120829207478702,12.8464016457632,20.2456147025366,33.8714787098799,13.6258640073434
"76606","Restrepo","Valle del Cauca",24.1473632865204,18.2245207805213,26.8531967034352,0.00108871277271481,12.2874189426464,20.3861685730281,33.3202248338423,12.9340562608142
"76403","La Victoria","Valle del Cauca",28.7579897258377,18.3347246626241,26.4938555907243,0.00107725996812411,12.3883964738324,20.0609326106701,32.9267785707786,12.8658459601085
"76400","La Unión","Valle del Cauca",31.0276615368601,18.848435339799,25.6484048340629,0.00100029705508418,12.3311657433794,19.4495340130444,31.8472756550815,12.397741642037
"76497","Obando","Valle del Cauca",29.9571729054856,19.4288485775955,25.6223782300248,0.00110338928543062,12.9641767473128,19.1119062784864,32.1328501815632,13.0209439030768
"76834","Tuluá","Valle del Cauca",25.7428514132288,9.03719238745279,25.0530879492071,0.00040324023088922,8.01531628582572,21.1173151638343,28.98886073458,7.87154557074563
"76622","Roldanillo","Valle del Cauca",27.27397133463,20.1540678680206,25.0114668261291,0.000992478240774544,12.5956717693236,18.8368702462947,31.1860634059636,12.3491931596689
"76869","Vijes","Valle del Cauca",23.6087412061672,15.5907803934242,24.4809422466438,0.000764683909034714,11.2956921169181,19.0610697874394,29.9008147058482,10.8397449184089
"76845","Ulloa","Valle del Cauca",22.1857831780414,19.1938012680657,23.9677786903289,0.000903313156251016,12.5398222893467,18.0770739006374,29.8584834800205,11.7814095793831
"76001","Cali","Valle del Cauca",23.6000150623116,2.83011766826779,23.6178168603915,4.36249573476668e-05,2.79658328160647,22.3232764894274,24.9123572313557,2.5890807419283
"76233","Dagua","Valle del Cauca",20.7021979672274,17.8543113407753,23.145818586302,0.00080956541491397,12.2928739501514,17.569159905649,28.7224772669549,11.1533173613059
"76126","Calima","Valle del Cauca",19.8650799132813,18.2521435939196,23.0568165647608,0.000832662956200206,12.5151274764081,17.4011641198518,28.7124690096698,11.311304889818
"76563","Pradera","Valle del Cauca",20.1095575249391,13.6008665902874,22.8740415130697,0.00058160217651568,10.5431432322089,18.1473081684531,27.6007748576863,9.45346668923323
"76306","Ginebra","Valle del Cauca",26.1182422460713,13.3130510351452,22.6588756319401,0.000563689774766934,10.4780803081062,18.00549937656,27.3122518873201,9.30675251076018
"76890","Yotoco","Valle del Cauca",20.3630228528829,11.7538138595729,21.7215861387555,0.000433172911510306,9.58162368874625,17.642351036672,25.800821240839,8.158470204167
"76275","Florida","Valle del Cauca",24.1902478104377,22.5034520974076,21.4043779013882,0.000802054785493327,13.231205271408,15.8536478319169,26.9551079708595,11.1014601389426
"76364","Jamundí","Valle del Cauca",20.6298512477446,9.92155426573837,20.9420884368857,0.000322415995906363,8.5740951913588,17.4227876946823,24.4613891790892,7.03860148440691
"76520","Palmira","Valle del Cauca",20.769656033191,10.4877873825819,20.8740403443679,0.000349792372570837,8.95980688245483,17.2083712444302,24.5397094443055,7.33133819987529
"76036","Andalucía","Valle del Cauca",17.0872931834585,19.3634035929395,20.8136007159162,0.000734749155124362,13.0233384998217,15.5008720168859,26.1263294149465,10.6254573980606
"76377","La Cumbre","Valle del Cauca",14.7708363582434,17.545781632779,20.6257250230086,0.000650758488563697,12.368034765866,15.6258630888802,25.6255869571369,9.99972386825674
"76100","Bolívar","Valle del Cauca",19.1834135533459,10.8355455204765,20.3530518463738,0.000354948230781362,9.25663136964178,16.6604660152456,24.0456376775019,7.3851716622563
"76111","Guadalajara de Buga","Valle del Cauca",17.1840563775675,11.3881915354939,19.8408152652111,0.000355512703506201,9.50316015688742,16.1452944483942,23.536336082028,7.39104163363381
"76895","Zarzal","Valle del Cauca",18.600007617763,14.072917413374,19.4155692222779,0.00043708171116984,10.767904364451,15.3179706636859,23.5131677808698,8.19519711718386
"76113","Bugalagrande","Valle del Cauca",16.6316423809804,17.931713498395,18.2683195258661,0.000498253440417576,12.2187436665257,13.893368013411,22.6432710383212,8.74990302491014
"76670","San Pedro","Valle del Cauca",17.0695610315552,21.5584004671766,17.0794392472459,0.00051855163840411,13.3328317160144,12.6162623906416,21.5426161038502,8.92635371320867
"76248","El Cerrito","Valle del Cauca",14.4691679449936,21.1506121505289,16.1016097619731,0.000440922164895772,13.0410232342388,11.9860486342794,20.2171708896669,8.23112225538757
"76318","Guacarí","Valle del Cauca",14.2114639632979,11.8235942022951,16.0997198812112,0.000245717929893625,9.73643803205154,13.027399407705,19.1720403547175,6.1446409470125
"76130","Candelaria","Valle del Cauca",8.43703325877526,20.8240682089188,10.7075818720773,0.000243612295447759,14.5766658469536,7.64845356293869,13.766710181216,6.11825661827726
