"cod_mun","Municipio","pobreza_monetaria","error_estandar","varianza_pobreza","cvlog","pct_indigena_2024","pct_afro_2024","pct_menores15_2024","indice_envejecimiento_2024","pct_rural","pct_urbano","tasa_dependencia","categoria_617","extension","var_intercensal","idf_2024","cobertura_educ_2024","desercion_2024","analfabetismo_2018","analfabetismo_rural_2018","saber11_mate_2022","saber11_lectura_2022","pct_ocupados_form_2016","pct_primario_2023","pct_secundario_2023","pct_terciario_2023","peso_relativo_2023","tasa_mortalidad_2020","mort_infantil_1a_2020","cobertura_pentavalente_2020","bajo_peso_2020","control_prenatal_4_2020","promedio_prenatales_2020","mort_infantil_5a_2020","fecundidad_15_19_2020","mort_neonatal_2020","partos_calificados_2020","tasa_hurto_2019","tasa_homicidios_2019","tasa_extorsion_2019","tasa_violencia_intra_2019","recaudo_predial_2020","pct_predios_urb_2022","pct_predios_rur_2022","acueducto_2018","alcantarillado_2018","energia_2018","internet_2018","iica_2023","dist_popayan_km","dist_cali_km","dist_capital_km","dist_carretera_km","snap_km","aislado_vial","pdet","coca_pct_territorio","desplaz_tasa_1000","victimas_tasa_1000","cotizantes_tasa_1000","pagos_admin_pc","pagos_total_pc","ingresos_corrientes_pc","ingresos_no_trib_pc","transferencias_pc","sgp_pc","recursos_capital_pc","predios_pc","pct_contributivo","pct_subsidiado","pct_excepcion","pct_sisben_A","tiene_coca","tiene_mort_materna","tiene_mort_ira","tiene_pagos_salud","tiene_empresas_formales","log_valor_agregado_pc","log_avaluo_promedio","log_ingresos_tributarios_pc","log_densidad_2024","log_pob_total","log_ingresos_pc","rural_intermedio","rural","rural_disperso"
"19001","Popayán",0.387999218684024,9.69908992576707e-05,0.000107894536586391,0.0267712639485498,3.58,2.18,18.93,84.1,17.69,82.31,43.1,1,464,23.51,66.2,106.67,3.38,3.9,8,54.37,55.95,39.48,1.30258546528373,12.3326981399985,86.3647163947178,26.677781615515,6.46,12.65,81.86,8.74,87.82,6.14,10.92,39.92,6.66,99.68,1127.67,17.7,42.55,318.95,5.72,69.3,30.7,96.12,84.9,99.5,75,3,0,103.499692968292,0,4.6641,0.00540654918061695,0,0,0,4.45982711712643,4.86448324551434,210.960269081976,4787768.66805283,14705485.6591016,2299561.39057926,1728142.10213119,1638701.36325493,1035851.11101353,360510.080305587,0.398884756230556,47.7442935906697,47.8819759580655,4.37373045126476,32.6135620070944,0,0,0,1,1,-3.92707502168174,3.72200030195139,13.255878524681,6.60563615873259,12.7612328076052,14.7938635491506,0,0,0
"19022","Almaguer",0.562525352371654,0.00566128352641015,0.0136491858851204,0.207687937656349,20.6,0.06,22.37,73.32,94.09,5.91,52.02,6,224,-9.84,46.5,57.33,2.24,15.18,15.88,45.68,46.18,6.29,35.7102522365633,8.33558706858366,55.954160694853,0.762928255177257,6.49,22.15,72.44,6.41,86.27,5.47,25.64,51.53,12.82,92.31,10.95,21.9,32.85,21.9,0.96,7.46,92.54,12.84,8.56,82.47,0.56,3,67.4013265299284,167.760688047708,67.4013265299284,129.5556,0.0809209235323267,0,0,0,1.41059027777778,52.4088541666667,42.7560763888889,11146659.3870985,11287769.7444661,2050991.58051215,1979071.47298177,1955120.15961372,1108734.48404948,170899.209852431,0.847764756944444,2.97760693147843,95.460369760205,1.56202330831655,63.28125,0,0,0,0,0,-4.54210812934896,1.42931805146438,11.1833111642832,4.47403591796329,9.82184356349562,14.613869098723,0,1,0
"19050","Argelia",0.238909085592395,0.00484394501688014,0.00235774527420282,0.203243083627791,0.19,0.57,26.28,33.96,90.65,9.35,47.96,6,674,6.55,58.1,92.6,4.77,9.81,10.33,47.25,49.79,2.34,21.0962353310796,7.07480080273181,71.8289638661885,0.74129261646099,5.6,19,105.56,8.05,78.07,5.34,20.12,92.98,4.02,97.59,34.12,166.82,7.58,22.75,0.94,30.1,69.9,50.17,32.53,89.85,3.25,1,74.9090079405862,141.477743507972,74.9090079405862,175.1367,0.194017443642683,0,1,492.436201780415,111.018060005826,1383.41101077775,12.8804981066123,11631948.6276216,11742275.1569327,1885128.90631372,1749184.88348383,1724776.80487183,888215.838807166,131797.464571803,0.219196038450335,2.49245269125985,96.2447537000221,1.26279360871806,81.1498689193126,1,0,0,0,0,-4.96966445658699,1.01751993470136,11.8199984831499,3.73122029460346,10.2206313351375,14.5170853119991,0,0,1
"19075","Balboa",0.45010901827639,0.00775525992888455,0.0122073320924848,0.245466745884741,0.08,13.03,24.03,56.88,75.27,24.73,51.21,6,329,-10.57,53.4,76.73,5.29,10.16,10.71,47.27,48.17,2.1,34.6192853130591,7.95156026724688,57.4291544196941,1.24204856610861,4.38,17.2,82.13,11.48,86.89,5.9,8.2,63.54,8.2,90.57,65.82,84.63,56.42,9.4,18.14,21.41,78.59,46.56,28.98,95.46,1.12,87,80.7122459807408,162.570528862067,80.7122459807408,129.9689,0.154751222425147,0,1,349.349544072948,2.02520252025203,200.2700270027,14.2101710171017,10757030.4387939,10873787.8189919,1888145.08132313,1778278.28654365,1749869.38550855,953708.755715572,67297.999549955,0.3496399639964,3.36752376937848,95.5271415858742,1.10533464474732,51.1251125112511,1,0,0,0,0,-4.24165926112254,2.33608061553977,11.607023954424,4.23178497134334,10.0087480631936,14.4861273655555,0,1,0
"19100","Bolívar",0.500368429949404,0.00304609712951263,0.00628201529723791,0.158401610971324,7.31,5.05,20.8,82.99,88.06,11.94,50.29,6,717,-13.48,48.5,74.46,2.35,10.9,11.72,47.12,48.15,2.82,30.7673366836739,8.45360555392663,60.7790577623994,1.43701912926916,3.89,19.07,85.62,7.71,87.11,6.16,12.85,58.23,7.71,96.4,21.43,61.62,13.4,42.86,4.33,11.35,88.65,23.89,18.5,91.59,1.19,13,80.2740578032875,177.728682374013,80.2740578032875,129.5657,0.00577925670928999,0,0,0,0.236810945928167,55.8610709117221,19.9336929351401,11096044.0102618,11167889.5674253,1802713.38560716,1734888.13982371,1711495.57763452,792390.032206289,133025.859913169,0.676831995790028,4.85073622439366,93.6068265632992,1.5424372123072,63.6100513090383,0,0,0,0,1,-4.63257537386666,0.492291117151286,11.124689761309,4.01476008287926,10.5454730090001,14.4759998505163,0,1,0
"19110","Buenos Aires",0.449296998852418,0.00637103577277436,0.0100005839773152,0.222576425169483,26.22,66.32,26.58,47.54,97.19,2.81,55.07,6,410,16.6,51.1,65.35,1.88,8.88,9.05,39.67,43.26,2.88,40.9332800933521,6.37873620937268,52.6879836972753,2.04860819224064,4.21,20.08,62.48,9.94,81.02,5.86,6.01,65.03,6.01,94.59,53.54,78.73,25.19,53.54,1.8,12.71,87.29,51.98,16.54,86.02,2.06,22,62.3510546603733,42.7745771495431,62.3510546603733,96.6106,0.67048460438225,0,1,357.924390243902,0.757506893312729,180.377541435627,16.9175529497318,8017483.46538194,8104184.88316214,1351688.7801715,1287451.77844438,1265253.00833258,703005.507196315,96544.9990000909,0.292549162197376,6.27558539381038,92.8934010152284,0.831013590961192,36.1148986455777,1,0,0,0,0,-4.13686639727204,1.89731996488855,11.0703346745413,4.4664826662142,10.4043537454075,14.1858552886003,0,1,0
"19130","Cajibío",0.508721465589494,0.00347380849470228,0.00729331691925184,0.167873629289616,7.18,3.22,26.87,52.8,95.83,4.17,58.95,6,526,21.06,52.1,71.61,3,11.44,11.95,46.47,47.24,3,34.9673819646839,8.61561734107638,56.4170006942397,1.53821452675608,3.97,19.88,69.56,6.78,86.5,6.07,8.44,59.55,6.33,94.51,49.48,42.41,21.21,47.13,2.69,5.6,94.4,34.61,8.04,88.84,1.25,21,22.4216274461222,85.5953711370641,22.4216274461222,45.5799,0.18805511534921,0,0,107.897338403042,0.393133272179269,59.6688944218757,13.8125191106452,2134027.31188573,8586545.48182851,1464784.17208317,1341075.41698336,1309028.91728913,681473.968549338,233930.136176997,0.385008517887564,4.28993226422741,95.0790250680252,0.631042667747351,41.0824269427336,1,0,0,0,0,-4.75078458474726,2.56849119176912,11.725685332754,4.44956845389352,10.7317336465177,14.3453822336367,0,1,0
"19137","Caldono",0.553082146130063,0.00477930967414889,0.0111952566482734,0.191305469864136,75.58,0.31,31.05,37.33,95.77,4.23,64.86,6,373,29.25,50.6,91.52,2.18,11.7,12.05,39.43,42.61,3.15,36.5952131594754,8.31996040572655,55.0848264347981,1.48681263351874,3.85,19.81,75.28,5.14,59.97,3.98,13.2,79.76,1.47,58.8,39.12,19.56,22.01,12.23,2.14,11.14,88.86,79.43,9.55,91.4,2.05,25,40.6333448601738,66.445023042573,40.6333448601738,71.6375,0.121048926963269,0,1,6.77211796246649,1.4093791911982,38.6897319906344,12.8435361778546,1942036.18490146,8801626.02666455,1467311.55445432,1409943.78591075,1389706.32515742,714362.991861972,116967.256507013,0.192584846900502,4.07802368576175,95.2842827286855,0.637693585552757,13.7550862676457,1,1,1,0,0,-4.74477897382096,1.44026494360718,10.957237900963,4.75255517290115,10.6917403465236,14.2756398528884,0,1,0
"19142","Caloto",0.381381786380106,0.00492713566605211,0.00530551647503933,0.190987034374947,52.4,25.35,24.67,51.53,83.22,16.78,51.07,5,302,-18.26,48.21,87.66,2.74,7.97,9.24,43.32,45.45,34.8,16.4828555737662,70.5873936509658,12.929750775268,9.54968262863286,4.2,19.91,72.86,5.74,87.16,6,10.9,58.82,10.9,86.1,209,129.38,56.4,132.7,3.15,28.12,71.88,54,27.51,92.47,5.37,35,71.2737997770592,42.906770253524,71.2737997770592,99.8173,0.469539639896767,0,1,3.66887417218543,1.35217797237694,77.5248704162777,119.297511348637,10112801.2041467,10374547.0180934,1788702.38025176,1252896.06013972,1223441.50806478,656012.493223013,35143.7932133544,0.229548308167799,18.5327164573695,80.6609385327165,0.806345009914078,24.9637809471685,1,0,0,0,0,-2.53687365442076,3.95215233037469,13.1915280316782,4.64899566552812,10.3437082919346,14.416458111337,0,1,0
"19212","Corinto",0.313138472537286,0.00508776313600209,0.00376871935286487,0.196047121522768,46.54,11.18,23.04,57.2,50.89,49.11,47.75,6,294,-10.68,47.25,88.32,3.2,8.68,11.47,45.82,47.99,4.44,31.9170300660312,10.1498532166644,57.9331167173043,1.39371903115592,7.55,12.15,109.14,5.7,90.85,6.25,6.31,65.34,3.15,97.16,82.87,280.17,23.68,39.46,7.84,56.77,43.23,57.59,56.43,96.93,11.01,3,84.595336133337,49.0383110902683,84.595336133337,128.5956,0.219239650993553,0,1,7.31972789115646,1.21515631328939,117.686047796148,33.0669808889053,10096793.2701698,10200113.9168907,1665831.31549877,1508079.76856796,1483634.74076665,771768.710166808,77930.6239643554,0.36163788341864,16.2220593624038,82.6053499450348,1.17259069256138,25.7723607173105,1,1,0,0,0,-4.32708766665985,3.03500144918619,11.9687765865729,4.52406858455105,10.2093901190181,14.3715553715323,1,0,0
"19256","El Tambo",0.534467488422076,0.00114158448402128,0.00254281929597808,0.0943488165243152,10.28,10.73,24.48,64.76,95.33,4.67,56.21,6,2615,17.66,52.5,77.89,4.76,10.35,10.69,46.25,48.63,3.37,60.6936164760792,7.79724328880833,31.5091402351125,3.60754465842972,5.69,22.93,71.49,9.49,81.68,5.66,14.74,41.48,10.53,94.53,68.72,85.44,27.86,53.86,1.72,8.34,91.66,62.07,8.12,85.73,1.16,31,45.5029321303846,107.862596246417,45.5029321303846,65.889,0.819216015748464,0,1,359.16673040153,1.5465888159038,106.08904181003,15.7931046467174,8194806.92854412,8244213.88576096,1443956.01101727,1366076.37496959,1339829.74175442,654054.799412644,82770.0538525701,0.374013832412331,4.79908460658276,94.083596957663,1.11731843575419,36.6263510930386,1,1,1,0,1,-4.12698579986037,1.91189635005673,11.2629197862303,3.09467222140889,10.960339906956,14.2386361737854,0,0,1
"19290","Florencia",0.523549226857493,0.00634096602375035,0.0139109248008639,0.225278880286301,0.11,0.07,22.06,75.39,77.67,22.33,52.52,6,56,-13.7,56,87.38,5.67,9.11,10.2,48.1,49.77,3.96,38.4191383972838,8.04675449033437,53.5341071123818,0.278366121780566,4.9,12.57,97.01,1.59,95.24,6.14,0,76.92,0,98.41,19.03,0,57.1,95.17,1.8,16.63,83.37,88.41,22.63,97.84,2.24,23,101.793235219915,197.686547530924,101.793235219915,170.9218,0.300100070222814,0,0,0,3.64473431805103,79.8004987531172,27.3988106656436,16774178.2035296,17287310.5277192,2752602.62574333,2700025.72472664,2653375.1289085,1510966.95914061,99259.3190101669,0.530596585459428,4.97368867764386,93.1251060940418,1.90120522831438,60.0422021868406,0,0,0,0,0,-4.287402115524,1.45449685044077,10.8700321581044,4.58883753136719,8.55891078476811,14.8634826528768,1,0,0
"19300","Guachené",0.314021505745962,0.00115685817214083,0.000861410426553789,0.0934642812091606,0.31,95.8,22.86,53.61,67.64,32.36,45.95,4,97,0,64.5,73.04,1.7,4.45,5,40.29,43.1,4.54,30.3469970657424,39.6771673545145,29.9758355797431,2.27024231674778,4.7,16.64,113.21,11.99,90.07,5.96,20.55,49.21,10.27,100,362.72,65.49,10.08,65.49,6.58,25.44,74.56,88.39,32.17,99.25,4.14,4,77.0377432977887,35.8911610153695,77.0377432977887,100.6654,0.003643850519097,0,0,0,0.344488188976378,68.9468503937008,24.6801181102362,14633888.3475394,15033249.0229331,1848732.45875984,927738.962007874,881800.932480315,580764.256840551,307413.068257874,0.469734251968504,40.3570854109699,59.618787196397,0.0241273926331028,36.1318897637795,0,0,0,0,0,-3.54914761225296,2.8268640151042,13.7332082541397,5.3580474707558,9.91936090169242,14.5838327073498,1,0,0
"19318","Guapi",0.549766265076062,0.00219918387874751,0.00512038748396201,0.130158737268763,1.07,97.94,33.51,30.8,49.82,50.18,68.72,6,2885,-3.65,48.1,74.37,1.93,16.2,21.26,38.31,42.09,6.66,23.4563745323176,7.74414227818395,68.7994831894984,1.21163322628748,2.49,22.58,60.34,8.36,71.97,5.02,8.65,58.32,2.88,91.07,32.59,50.69,36.21,14.48,0.24,91.46,8.54,19.15,10.33,51.68,6.38,18,120.122826317189,165.172463439499,120.122826317189,563.4249,39.4774927350427,1,0,55.8225303292894,2.90350128095645,190.67463706234,35.8695132365499,10564136.9846627,10672927.5007003,2028199.83224594,1928943.68471392,1906083.94466268,1075507.41827498,74766.8472075149,0.189615713065756,11.6383677108238,85.0954329942862,3.26619929488998,54.5072587532024,1,0,1,0,0,-4.54219324901445,4.30748884856089,11.5054591365005,2.32630161961136,10.2844891884659,14.5588596102671,0,1,0
"19355","Inzá",0.504403345724611,0.00714347744623452,0.0149002890445202,0.242002241180071,52.24,0.14,30.19,41.71,96.58,3.42,65.21,6,685,7,44.8,86.86,2.27,10.69,11.09,47.73,48.57,4.51,43.0988688723067,8.1756843018633,48.72544682583,1.22316034471121,4.11,16.29,66.12,6.91,69.91,4.53,16.13,73.65,9.22,79.72,34.28,17.14,3.43,10.28,0.67,14.41,85.59,24.64,21.8,90.54,1.53,3,51.5027520962082,110.884284327699,51.5027520962082,85.7557,2.65659899083417,0,0,0,0.446137478980061,28.1409794433577,24.3687154672432,9349379.09650297,9451784.98356155,1660561.04128488,1585338.26407907,1546471.09053159,836765.488589176,47413.9795119942,0.26503998078177,5.53058723024923,92.8388366823905,1.63057608736025,29.3146641957514,0,0,1,0,0,-4.52806809008681,3.24238348717521,11.2282093524516,3.8155121050473,10.2798327620704,14.3508190283975,0,0,1
"19364","Jambaló",0.619395990544596,0.0037600097359648,0.0106645305442734,0.166725673881417,98.83,0.18,30.43,30.8,90.41,9.59,59.1,6,252,21.99,57.8,73.25,2.4,12.66,13.61,42.82,43.17,2.67,19.6263463497088,8.47464820796465,71.8990054423265,0.597296729566598,1.35,29.98,68.43,7.64,70.18,4.79,0,68.23,0,55.64,5.48,10.96,5.48,0,0.03,34.79,65.21,68.72,20.99,86.71,3.49,31,52.4341163854131,67.882818967317,52.4341163854131,98.063,0.0499994517146886,0,1,8.86111111111111,3.33976934717946,111.412618066065,13.328810729009,11182396.8648959,11335658.8150603,1742194.93696185,1633068.75812764,1631835.00819287,883579.54594792,172357.799718207,0.0502530918958409,3.94367842953961,95.2442159383033,0.812105632157046,13.1346866357042,1,1,0,0,0,-4.82575115391155,5.66274505656474,11.600260095688,4.33833594604915,9.8607366154685,14.4649945954486,0,1,0
"19392","La Sierra",0.513091533789568,0.00545300318602171,0.0116592285221911,0.210445701116623,18.45,12.99,22.25,77.89,84.14,15.86,54.55,6,203,-1.72,54,80.87,1.77,9.61,10.19,50.89,51.05,3.9,61.4381244503469,6.61847317148259,31.9434023781705,0.833656557616515,4.04,18.85,83.92,12.96,88.89,5.67,18.52,68.88,9.26,98.15,112.42,18.74,65.58,56.21,5.99,7.6,92.4,40.12,12.93,92.37,1.33,14,37.9208683745036,136.855512973729,37.9208683745036,60.1813,0.383814390881835,0,0,0,1.50375939849624,43.2551968155683,22.0406899601946,12269512.8076073,12524838.851747,2240504.54586466,2145788.51455108,2137982.70703229,1223107.56355595,46697.3866430783,0.425829279080053,5.35350596450393,93.2596256425177,1.38686839297837,53.9761167624945,0,0,0,0,0,-3.96460743139072,0.986953223863619,11.4586385501013,4.02873880512411,9.33300038471207,14.6428397649128,0,1,0
"19397","La Vega",0.527577733005663,0.00570292135691437,0.0125741189862332,0.212545701097264,48.86,0.14,22.64,71.86,96.87,3.13,53.49,6,492,-36.25,48.21,49.67,4.14,10.16,10.28,45.35,47.18,1.53,25.5760498080405,8.87033232790729,65.5536178640523,0.713242855671184,3.29,30.66,59.64,8.47,78.74,5.14,16.95,38.75,5.65,92.09,16.3,12.22,20.37,32.6,0.62,14.04,85.96,39.65,18.85,95.48,0.56,2,49.8973245812996,151.191819510865,49.8973245812996,97.6144,4.39012605073016,0,0,0,0.327560086803423,41.6410760348852,15.3781271752037,8638827.14732015,8762574.75301969,1465166.39004217,1429696.20763215,1412222.81791754,656831.628424027,349226.778528436,0.363386971297547,4.21947965310207,94.1127418278853,1.66777851901268,33.9229414895795,0,0,0,0,1,-4.8908871795879,0.760686301027074,10.4764476904109,3.97874663747105,10.1032805902421,14.4112616273909,0,1,0
"19418","López de Micay",0.67339111537938,0.00420143994977041,0.0143155329906009,0.177679113620225,6.75,92.25,38.46,18.42,90.89,9.11,76.09,6,3297,-3.86,50.9,83.18,3.45,14.88,15.85,34.17,38.67,3.24,16.7490248794221,7.07480080273181,76.1761743178461,0.500234147143305,1.53,50.71,31.24,8.79,49.06,3.85,9.43,24.44,9.43,70.75,5.33,37.31,0,10.66,0,55.06,44.94,11.62,10.9,36.15,0.35,18,92.4222840621228,86.3966628887351,92.4222840621228,563.4249,34.9644709938484,1,0,56.6081286017592,16.0073880252424,200.14365604638,19.4705248576266,9477613.14965882,9641815.26643066,1919039.62505772,1802288.71684367,1780903.34703196,1079341.55492278,223841.018880509,0.0764968446975527,3.169639083763,94.4636970670273,2.3666638492097,39.4643681699246,1,0,0,0,0,-5.02006037926025,5.63483010728331,11.6677979546362,1.80005827204275,9.87770809954864,14.5776615771222,0,0,1
"19450","Mercaderes",0.507048831931205,0.00520481251130329,0.0109386268959071,0.206267886216326,0.17,20.21,21.17,89.15,75.05,24.95,54.23,6,640,28.17,54.2,52.24,3.85,11.47,12.58,44.85,46.66,3.7,43.072469770051,8.07487130284121,48.8526589271078,1.24093013000506,4.29,29.52,59.78,7.69,87.57,5.79,5.92,40.26,5.92,99.41,126.63,65.5,34.93,34.93,0.8,31.02,68.98,66.75,28.73,94.9,1.9,13,99.6693625542598,191.065709936246,99.6693625542598,140.5185,1.36797431574923,0,1,0,5.93828837570347,54.9194643896759,15.444207257908,7410462.92738211,7515137.12524743,1278102.29710848,1244030.79398409,1226334.73995731,686715.459926257,8165.76821269164,0.380011643702697,5.51935847638141,92.5698534018293,1.91078812178925,28.6085775276538,0,0,0,0,0,-4.39058434131335,1.63218009503491,10.4362166283902,3.66893181630424,10.1567722607623,14.0672556109851,0,0,1
"19455","Miranda",0.198653480586513,0.00295422572535604,0.00112773336633902,0.169046832015641,19.61,28.82,22.07,62.35,43.26,56.74,46.49,5,212,-5.67,51,88.41,2.63,6.13,8.7,48.73,50.15,7.36,14.5430952157788,52.9732678823156,32.4836369019055,4.29309989498876,5.24,16.1,99.32,7.48,90.03,6.11,8.31,53.12,5.54,95.01,129.2,100.84,28.36,40.97,7.49,70.88,29.12,84.82,76.48,97.85,13.42,18,93.5024022172171,45.5443809057303,93.5024022172171,131.6104,0.138460090255214,0,1,6.7877358490566,1.2588271415413,66.8406509057415,51.9855695425238,9666226.67249002,9768372.46349401,1544616.0851397,974542.395486644,947826.563647528,505441.804544059,127010.896898987,0.323426466073073,35.9335779107936,62.761150801313,1.30527128789342,31.9588578446423,1,0,0,0,0,-3.38381112384836,3.65352672625399,13.2535209115479,5.07009845736704,10.3911468982703,14.3293079508702,1,0,0
"19473","Morales",0.524107460035218,0.00582758801330554,0.0126976470575373,0.215001398206854,52.18,2.14,28.2,42.74,94.76,5.24,58.6,6,418,59.23,43.7,73.38,3.33,10.74,11.26,43.75,45.67,2.83,43.3307242267404,8.08679651838683,48.5824792548728,1.85079241139528,3.52,29.2,64.7,5.44,69.77,4.75,11.19,60.41,7.46,70.9,25.31,20.25,30.37,7.59,1.46,10.01,89.99,53.11,8.45,78.59,1.09,8,41.8901414802355,68.611118300733,41.8901414802355,116.9383,0.254842393289999,0,1,366.581339712919,1.50484019495542,44.5836983132314,9.37897266581317,1973179.42939604,7681366.08546145,1330519.57956562,1241216.35640006,1189872.83794893,649888.70493902,261520.395391146,0.173371066639714,4.28705503787625,94.9286049473755,0.784340014748274,23.5181816139973,1,0,0,0,0,-4.5378205945198,3.19551047461726,11.3997928598925,4.61035671267539,10.7037611885639,14.2805267549687,0,1,0
"19513","Padilla",0.378594269667572,0.00659930717581883,0.0069961523472339,0.220930457935599,0.82,95.9,21.67,69.83,55.73,44.27,48.49,6,68,19.21,42.1,70.59,1.98,4.46,4.64,41.36,44.21,6.04,41.3600333827758,7.81865317319793,50.8213134440262,0.695773458438538,6.41,8.55,93.08,15.57,88.52,5.89,8.2,67.39,0,98.36,80.38,150.71,10.05,110.52,8.7,34.77,65.23,93.81,64.93,98.71,2.58,5,85.4289210053673,34.83584166056,85.4289210053673,121.4787,0.0456484221920014,0,0,0,0.189735319229675,27.6064889479177,26.5231002751162,5384180.32681909,5602637.33023432,1311142.29807419,1160007.41030263,1122250.76757423,676191.131676311,130231.661322455,0.44910350061664,25.8175067828074,73.6255890332715,0.556904183921177,34.8638649084527,0,0,0,0,0,-4.07543214045847,2.92136478639934,11.9259280135456,5.04979190263078,9.26302769425519,14.1811073551213,0,0,0
"19517","Páez",0.557053293913796,0.00226090335603594,0.0053456226555541,0.131250934078747,82.78,5.89,37.23,23.86,95.05,4.95,77.43,6,1599,43.95,55,70.32,4.05,11.08,11.7,41.89,44.42,3.54,39.7180133903952,8.11738863616622,52.1645979734386,1.92070663935301,2.57,23.23,64.34,3.82,75.55,5,16.15,75.45,5.87,59.91,12.97,34.57,12.97,2.16,0.07,49.98,50.02,14.05,27.44,79.6,1.35,7,71.7948853151227,98.3242930535407,71.7948853151227,147.1419,0.0815320413956042,0,0,0,0.209911646279793,26.6587790775337,12.1382363605137,6946793.27486976,6999630.54386199,1187052.41186573,1143716.96610881,1122346.15638418,610757.920806061,107667.271377593,0.0594813274049196,5.19411052616762,93.3391514878523,1.46673798598012,7.81634639238212,0,0,0,0,0,-4.66369924474265,5.46320568125213,10.6767261878181,3.43527669531502,10.8667191205787,14.0738047688688,0,0,1
"19532","Patía",0.427856368967543,0.00226908294763249,0.00315958697715313,0.131376339289873,0.14,71.41,23.27,61.59,63.93,36.07,50.25,6,723,11,42.7,75.62,3.09,10.52,12.63,45.37,47.25,5.63,32.9757008898065,8.14274692330827,58.8815521868852,1.7842130695575,5.49,20.62,88.34,9.59,78.32,5.32,6.12,61.81,4.08,97.35,180.19,80.68,43.03,45.72,2.22,52.12,47.88,51.61,42.51,90.97,6.27,26,62.8628111412286,149.40878470533,62.8628111412286,98.3859,0.287882285276244,0,1,402.275242047026,2.26133881536683,52.6789155852499,31.6864962096878,8640011.74403187,8710117.55199794,1553968.50620583,1419068.02911474,1380524.38715148,732810.570962354,127396.111216754,0.325838365668765,10.8391827525696,86.7416645775884,2.41915266984207,40.467685982269,1,0,0,0,0,-4.43983088258156,2.92151327242678,11.8122925788174,3.9982007016692,10.5691350593935,14.3351162939402,0,1,0
"19533","Piamonte",0.457677045801199,0.0068641504627966,0.0112521525110129,0.231770775266193,18.43,2.99,31.76,27.19,77.3,22.7,59.62,6,1162,24.4,61.5,73.24,3.47,6.09,6.43,46.06,49.19,4.47,45.8486745702135,5.23938147711353,48.9119439526729,0.569250627224238,3.13,17.93,86.41,4.17,78.33,5.33,0,78.77,0,93.33,22.21,77.74,0,33.32,0.64,47.2,52.8,70.99,30.43,55.06,0.97,31,144.749898841599,246.813189983337,144.749898841599,344.8403,7.79579872323672,0,0,252.40017211704,1.64863472436888,171.458011334364,19.5002575991757,14677567.4578053,14945149.1249871,2475866.30303967,2196739.737661,2153728.24956208,1340971.29366306,171310.647810407,0.211746522411128,5.83756345177665,93.5339618080735,0.628474740149867,72.8902627511592,1,0,0,0,0,-4.19350425162154,2.68754057941884,12.5394205972904,2.13298230860787,9.18039649560311,14.7890043285594,0,0,1
"19548","Piendamó - Tunía",0.347038916776648,0.00226078589356165,0.00201667209285544,0.129401546038459,18.35,1.73,22.68,70.1,66.18,33.82,51.91,6,171,14,50.7,88.76,2.78,7.7,8.75,48.21,49.73,4.45,32.1682447115036,8.00218356434648,59.8295717241499,2.2748474779802,5.93,18.76,86.32,9.65,81.61,5.59,10.27,65.01,6.16,93.22,217.59,14.51,31.43,14.51,2.04,37.66,62.34,93.32,40,95.04,6.59,2,27.3807996280601,76.2526307521084,27.3807996280601,43.4154,0.0860873377877904,0,1,3.40350877192982,1.17161870840754,19.4723029337332,29.5013590777018,8967779.43931015,9041303.08016215,1542196.75902146,1390111.52570531,1331512.08051364,655678.481558722,110218.057362452,0.403271159433874,16.0196317743904,82.7728582928666,1.207509932743,39.7506795388509,1,0,0,0,1,-4.28915225662469,2.25896879031993,11.9321963881704,5.54938732050309,10.6613919803114,14.3177483010489,1,0,0
"19573","Puerto Tejada",0.245146463189562,0.0019690154468768,0.000992568436275446,0.128515230155402,0.03,96.08,22.84,58.03,14.15,85.85,46.77,5,92,-6.11,48.5,103.18,2.29,3.4,2.71,43.41,47.43,16.49,7.67623718415757,44.5173486582438,47.8064141575987,4.03655097767007,7.42,12.8,99.19,12.38,87.46,5.96,12.86,66.34,6.43,99.84,830.77,136.86,19.21,86.44,5.03,81.79,18.21,96.97,94.05,99.77,18.51,13,90.9246245654447,22.0147750398195,90.9246245654447,114.0392,0.0137685802829122,0,0,0,1.05817671551149,26.3163948379379,108.003036507097,9008683.50097766,9117821.78482207,1402333.11276483,988744.733385475,953810.79873939,487075.471187688,111160.037657289,0.316509857146143,57.6671684738076,40.522514625455,1.81031690073747,34.8784246969244,0,0,1,0,1,-3.73413200296233,3.36895633459351,12.9326265055035,6.18392206108983,10.6798493280891,14.2299308817793,0,0,0
"19585","Puracé",0.415306428882595,0.00650502768686697,0.00843468270525024,0.221139193320276,76.67,0.16,25.64,46.99,91.22,8.78,51.92,6,783,15.38,49.1,70.2,3.44,6.67,6.87,47.11,48.48,2.61,24.2313912796396,8.39976043296026,67.3688482874001,0.649127361962898,4.55,22.57,64.22,6.84,76.44,5.38,10.36,48.45,5.18,90.67,51.66,5.74,22.96,45.92,0.62,30.89,69.11,24.04,22.45,93.27,0.6,1,32.5800693536765,125.954736462765,32.5800693536765,51.8569,6.17740734432588,0,0,0,0.166094563171299,17.9382128225003,13.3661831469383,9669184.08841767,9800257.87282693,1813353.91850293,1725416.41645443,1677166.04434725,1005775.90388661,232933.335234193,0.14195548665707,6.46049830975335,93.0574683861275,0.482033304119194,20.3465839884841,0,0,0,0,0,-4.68336518477044,2.44932527603684,11.3843816371517,3.16884489126264,9.80156556281074,14.5315376133599,0,0,1
"19622","Rosas",0.449638514692912,0.00658943651831734,0.0103301234401187,0.226042057157563,6.18,1.9,20.42,97.23,91.36,8.64,54.52,6,130,-9.4,44,69.71,2.6,9.74,10.47,49.09,50.86,3.24,30.0654072936854,8.23804923052359,61.696543475791,0.52060213882263,3.81,25,81.48,7.78,81.32,5.81,21.98,34.17,21.98,96.7,226.19,8.7,69.6,69.6,2.86,11.76,88.24,46.37,14.4,96.42,0.74,23,30.0348588563187,129.789851034793,30.0348588563187,42.0822,0.254896302746889,0,0,40.0538461538462,0.83139341536415,58.5300964416362,22.3994013967409,9268691.84078816,9485050.10242767,1821689.80212837,1725270.48079481,1704178.21208846,991107.074077153,56988.2690389092,0.403724642500831,7.59047720721682,90.8188320700331,1.59069072275008,56.9005653475224,1,0,0,0,0,-4.49743500598125,1.5408785783989,11.4764618892868,4.54743513533685,9.39499254410842,14.4460789338432,1,0,0
"19693","San Sebastián",0.408009756402383,0.00581099350599851,0.00723532854787553,0.208477207054813,37.19,0.06,20.35,81.27,95.1,4.9,48.29,6,389,-14.6,48.5,51.96,2.25,8.56,8.89,45.74,45.89,2.53,42.0537271646929,8.29148115819132,49.6547916771158,0.484832865043343,5.97,25.23,75.63,16.22,75.68,4.86,13.51,38.38,0,93.24,18.18,9.09,18.18,0,0.28,11.67,88.33,59.39,22.81,92.43,0.7,2,69.7609392077036,172.5900560252,69.7609392077036,128.9931,1.50549061117973,0,0,0,0.18496254508462,18.5887357810043,21.3243318228059,11720347.0461482,11971164.4604643,2083483.68815315,2026619.19300842,2014049.53121243,1061696.14612041,210017.315546102,0.740220105428651,4.44962143273151,93.9196272568433,1.63075131042516,23.8879126976787,0,0,1,0,0,-4.46212873236201,2.40821483777378,10.948426438442,3.40883480879137,9.28850439294554,14.645590030647,0,0,1
"19698","Santander de Quilichao",0.247097867528779,0.00136123142945189,0.000689930195817516,0.106300076978836,27.48,23.51,22.98,59.26,53.6,46.4,48.19,4,444,37.57,48.5,96.82,3.48,4.29,6.04,48.55,50.9,17.22,17.8953220152518,40.8608286240632,41.243849360685,10.8556468842738,5.51,18.2,79.62,7.43,85.19,5.8,6.46,64.95,2.58,91.99,449.95,93.03,20.57,155.65,2.41,49.97,50.03,82.66,54.4,97.24,22.5,21,58.2552145903316,46.8006714386008,58.2552145903316,78.123,0.012106765668053,0,1,35.454954954955,1.58481116974912,34.8420735669345,81.6184091665478,8159694.26599471,8212629.19337866,1303106.50038035,1070622.97270163,1048566.83722404,505545.569929793,179524.800234552,0.316986006117371,35.02791230396,62.7706681817772,2.20141951426278,31.5472511450261,1,1,0,0,1,-3.81059527016312,3.38955128847415,12.356574652806,5.58289462404634,11.7456073811031,14.2093289729574,1,0,0
"19701","Santa Rosa",0.518069808102902,0.00657951708302156,0.0142491615504312,0.23041267810954,25.3,0.65,26.71,51.72,88.36,11.64,58.1,6,3009,-44.26,53.7,77.14,5.86,6.31,6.58,47.29,49.02,2.46,27.6753860477863,7.07480080273181,65.2498131494819,0.212655901490974,3.34,20.38,39.08,9.09,66.67,4.41,0,48.39,0,91.18,18.68,0,74.71,18.68,1.45,14.51,85.49,20.09,19.24,82.32,0.79,4,100.097434539572,203.549546545158,100.097434539572,197.4415,13.7282174025118,0,0,2.13592555666334,0.750750750750751,40.3528528528529,27.0589339339339,12249661.6595345,12652078.7552553,2889488.0289039,2789810.89451952,2756011.19688438,2011504.2118994,0.000187687687687688,0.586148648648649,8.00441622964394,89.8978746894838,2.09770908087221,46.1148648648649,1,1,0,0,0,-4.57848440157804,0.204558856388788,11.5096915854578,0.636576829071551,8.58073121222023,14.8765898918318,0,0,1
"19743","Silvia",0.594548828166253,0.00127074539437056,0.00333964903159028,0.0971992439460408,86.48,0.08,27.46,43.03,89.47,10.53,55.92,6,582,20.6,49.5,69.99,2.42,10.02,11.15,43.95,45.3,4.78,6.95201022372553,8.60037472264886,84.4476150536256,1.19353302822851,4.41,16.35,57.26,7.37,63.95,4.42,20.74,52.37,9.22,74.88,23.86,5.3,23.86,37.12,1.2,56.04,43.96,34.61,19.35,90.27,3.7,12,33.6618383371012,86.4272367972265,33.6618383371012,62.6842,0.211657513144877,0,0,0,1.00283300323414,29.9596359716198,22.1270087998596,9126883.71053225,9193444.96693158,1473143.01351317,1408288.729912,1335939.50577883,678720.356005716,219431.143003986,0.152957103818287,5.70804472163941,92.9353605610324,1.3565947173282,4.2419836036804,0,1,0,0,0,-4.86656117923995,2.76977261928918,11.0798982415519,4.24017501043364,10.5938057352525,14.3417610975899,0,1,0
"19760","Sotará Paispamba",0.42363483052891,0.00467613217174293,0.00634684511328491,0.188056041505998,44.06,0.12,22.97,65.96,97.01,2.99,51.68,6,449,-11.19,54.2,48.91,2.08,5.43,5.54,46.94,48.22,1.65,40.122593119643,7.07480080273182,52.8026060776252,0.555442411601887,3.94,14.66,57.59,7.04,77.46,5.49,42.25,34.65,28.17,95.77,92.34,7.1,35.51,0,3.78,18.93,81.07,47.44,11.84,91.18,0.77,3,26.8575437004252,130.310752937434,26.8575437004252,40.3077,1.01963396984391,0,0,0,0.274047684297068,10.8933954508084,12.0121951219512,2874427.68395451,2949755.90675528,1781150.16936147,1614974.57543163,1591637.89318991,908447.150726226,285649.205467251,0.404220334338175,5.43533475566392,93.8534999492025,0.711165295133597,22.1567552754179,0,0,0,0,0,-4.62616642613912,2.13468400874185,12.0208003030261,3.50945370043201,9.58850279755634,14.5415117729124,0,0,1
"19780","Suárez",0.420860918532776,0.00527084240299266,0.00705583094519923,0.19958848640125,24.9,54.05,26.52,48.27,81.65,18.35,54.81,6,370,65.79,51.1,64.01,3.82,8.01,8.66,40.64,43.8,3.68,23.9408279215249,7.75635690270334,68.3028151757717,1.7231978154611,4.03,21.31,61.47,12.54,83.43,5.77,11.63,51.71,8.72,95.93,27.93,96.2,15.52,31.03,2.45,28.04,71.96,40.04,27.32,92.68,1.72,5,54.3025529906495,55.2462246420354,54.3025529906495,92.5932,0.0788100626727589,0,1,427.267567567568,43.0593681037731,500.376769470908,10.1727757145164,6406316.20743851,6485736.12936649,1221459.8552667,1109668.26605307,1064010.56165563,636463.948382583,168661.188357823,0.236853436675817,5.45325779036827,93.6311210036422,0.915621205989478,32.1007589213628,1,0,0,0,0,-4.42842589429186,2.74398464320393,11.6243916062258,4.52341768411583,10.5229343701661,14.1449013830597,0,1,0
"19785","Sucre",0.592260763101386,0.00787922746030923,0.0206325953688744,0.242529163433651,0,0.2,21.76,69.34,83.79,16.21,48.88,6,128,5.96,48.8,43.78,3.47,14.7,15.52,43.6,46,2.33,37.0076101321094,8.33833265117672,54.6540572167139,0.394548136045886,4.55,29.3,70.87,11.63,89.53,6.26,11.63,37.74,11.63,100,10.44,20.87,10.44,0,3.58,14.97,85.03,23.1,19.66,89.58,0.66,45,57.7220603908214,152.998345433796,57.7220603908214,111.425,0.206393736268664,0,0,0,4.920049200492,109.368593685937,12.3687986879869,12143953.0761583,12420726.9548995,2286107.41605166,2157510.14780648,2119058.26660517,1373859.5295203,416614.172406724,0.391758917589176,4.14878397711016,94.964234620887,0.886981402002861,62.3411234112341,0,0,0,0,0,-4.56532517143802,1.4216306932272,11.7644408482986,4.36271638613938,9.18563775933581,14.8097698190133,0,1,0
"19807","Timbío",0.485298379279879,0.00245548652366197,0.00473713082825383,0.141823712156706,3.41,0.5,21.48,77.38,59.97,40.03,50.49,6,169,18.15,54.9,82.35,3.69,6.7,8.08,51.43,52.39,4.05,37.0385771081709,8.14071560408741,54.8207072877417,1.76432303080959,6.12,13.59,82.91,7.07,87.63,6.04,12.63,58.86,7.58,100,256.3,22.29,27.86,89.15,1.83,30.08,69.92,93.07,39.53,96.59,7.2,2,18.1676816564456,116.898931420303,18.1676816564456,19.4613,0.222594025074907,0,0,10.8816568047337,1.78886238722389,28.077361816862,23.0911023540392,8375649.58267655,8456146.11122057,1477999.79319195,1378599.5967282,1333343.22023748,645615.117079747,37295.3208804314,0.382583220989319,12.6784713291786,86.1476572031523,1.17387146766907,24.2766773825573,1,0,0,0,0,-4.44218812259184,2.99118324891148,11.5069093691393,5.41783223504918,10.5602819036303,14.2311207727228,1,0,0
"19809","Timbiquí",0.509420099635651,0.00233084837759735,0.00492167974240239,0.137714794614579,17.91,81.36,38.01,19.81,76.94,23.06,76.46,6,2002,24.97,54.5,69.87,2.03,16.72,19.23,35.23,38.86,4.71,3.94789550347593,7.01360092293924,89.0385035735848,0.60950588044086,1.95,28.95,61.76,13.92,63.29,4.16,33.76,46.39,25.32,98.73,11.38,11.38,22.76,0,0.02,81.63,18.37,18.25,15.55,46.09,0.96,12,102.139954645437,128.040860230609,102.139954645437,563.4249,28.2235513104773,1,0,153.435064935065,0.758359186487418,94.4846604619097,18.8927955877284,8718607.08593589,8947301.97576698,1648224.6175112,1588542.07876594,1565804.11944157,939201.002412961,72546.4653912444,0.0919338159255429,3.85402759234535,94.5749888740543,1.57098353360036,41.4270941054809,1,0,0,0,0,-5.22017584307037,5.10417057591156,10.9967947732701,2.64191039859766,10.2753958771155,14.3582830523445,0,0,1
"19821","Toribío",0.551408859073775,0.00595394345897457,0.0139003790075414,0.21381569524038,98.21,0.09,27.84,35.01,94.26,5.74,53.35,6,412,32.84,56.4,72.27,4.64,12.03,12.55,40.04,42.46,2.46,17.3738896952037,8.56086697701058,74.0652433277857,1.13173012895461,4.09,15.46,85.56,5.63,78,5.48,16.56,84.24,8.28,76.16,8.33,61.08,19.44,8.33,0.11,75.45,24.55,67.54,20.15,95.85,2.45,32,70.8405354368033,63.0140470290965,70.8405354368033,130.5653,0.399830007335912,0,1,0,1.2473906623899,54.7069904790998,10.1827809174686,9016874.94753322,9084055.35907031,1482847.988468,1407221.14945777,1376291.67033247,706809.434575633,165772.551881269,0.0252023827707347,3.41413036875038,95.6806998359759,0.905169795273677,0.282572170459753,0,0,0,0,0,-4.90444741211671,5.51047252355911,11.2335665125282,4.51327417128355,10.5785216776691,14.3154494600517,0,1,0
"19824","Totoró",0.590158497641813,0.00558243420523733,0.0145050802266012,0.204075750691754,83.83,0.15,29.04,36.26,95.74,4.26,57.51,6,384,40.9,42,63.86,3.49,7.47,7.71,42.8,45.67,3.61,30.3162391917824,8.52648455108005,61.1572762571375,0.807484559285414,2.73,21.94,61.76,6.21,75.33,5.12,22.8,55.47,3.26,88.6,71.61,3.98,47.74,79.56,1.06,16.83,83.17,12.35,11.01,89.28,1.68,1,22.9527595034676,101.540430007499,22.9527595034676,36.7271,0.203379043710969,0,0,0,0.03690036900369,8.1549815498155,14.8922509225092,7960932.85295203,8060259.68516605,1416256.55369004,1331357.10645756,1293486.63723247,707701.419188192,361142.868118081,0.18859778597786,5.14875287989582,94.2251828107783,0.626064309325854,9.28782287822878,0,0,1,0,0,-4.87079363638663,2.84973555178586,11.3492228614711,4.2372898382072,10.2072890068678,14.3906618549844,0,1,0
"19845","Villa Rica",0.286909792264029,0.00192467933634223,0.00123277979799329,0.12237631833306,0.07,94.31,22.5,53.99,32,68,44.53,5,77,44.44,58.9,75.6,3.67,2.95,2.75,43.04,46.43,14.12,14.5314519669114,50.1176776289548,35.3508704041338,2.31772101817619,5.77,15.39,81.16,7.42,86.93,5.82,7.07,58.33,3.53,99.65,457.14,57.14,4.76,109.52,4.99,62.21,37.79,49.76,71.58,98.81,7.2,8,79.8907108527393,27.5413088021231,79.8907108527393,102.0215,0.0256523549020744,0,0,0,0.557987810112456,18.2848313159928,59.2325521503992,13175488.7617821,13389795.788308,2117784.34749764,957857.354107649,923327.13121298,580958.596360203,395588.340544253,0.362305777319942,40.1122221422919,59.5496726854183,0.338105172289763,34.0630097004035,0,0,0,0,0,-3.66521169964812,2.81024532835925,13.9638676243692,5.66205729460889,10.0561227989597,14.7371361095655,0,0,0
"76001","Cali",0.236000150623116,9.26804372511847e-05,4.46101358273742e-05,0.0283011766826779,0.52,14.63,17.18,109.42,2.31,97.69,43.84,0,552,5.08,58.3,78.77,4.41,3.1,6,52.14,55.38,41.32,0.203164652549235,9.99592690811796,89.8009084393328,44.3927727711851,7.72,9.52,101.45,9.28,89.17,6.44,9.68,32,5.59,99.76,907.12,49.7,22.31,144.99,6.77,90.44,9.56,98.98,97.8,99.7,80,5,103.499692968292,0,0,134.3201,0.0113344266177766,0,0,0,2.55156301873851,2.76163498263946,284.639261704495,8570551.04800693,16485250.822462,2409744.66737714,1315008.35498566,1180276.75372198,701211.486038986,539329.389123886,0.32883060086283,66.0226388554868,32.722503248702,1.25485789581114,9.89618761049062,0,1,1,1,1,-3.61964818739591,4.65939286093681,13.9060240816318,8.32782285020895,14.6397609981183,14.8970017998934,0,0,0
"76020","Alcalá",0.324586690009205,0.00691360357638055,0.00546291475418344,0.22770968610581,2.08,1.15,24.13,77.06,25.6,74.4,59.54,6,64,-19.96,44.1,62.42,7.36,9.85,12.27,44.42,48.64,11.1,60.5952966653459,3.44748055443834,35.9572227802157,0.390846169574213,10.07,10.29,77,8.43,82.58,5.87,5.62,69.69,0,100,133.91,77.52,7.05,28.19,4.97,62.27,37.73,92.68,74.98,93.07,14.96,11,261.531633410963,167.056933305098,167.056933305098,329.9517,0.14491936717824,0,0,0,0.556289548710104,6.67547458452124,104.779222585356,11848197.710799,12017287.5208956,1841438.96321535,1476324.67888186,1423540.98511925,755797.444266741,476282.17537028,0.307419511855921,23.6683238636364,75.4350142045455,0.896661931818182,34.0935957165705,0,0,0,0,0,-3.28606826453799,3.5261298475073,12.8079656913196,5.44957816038862,9.57366316988638,14.6560949930503,1,0,0
"76036","Andalucía",0.170872931834585,0.00341299662954392,0.001094737354784,0.193634035929395,0.01,60.27,22.38,84.81,20.67,79.33,56.06,6,162,23.71,54.9,63.28,6.42,4.65,7.33,47.76,52.26,6.72,31.2323434968607,8.87079833025959,59.8968581728797,0.378047202352879,8.41,11.67,55.83,5.99,90.42,6.73,11.98,28.03,5.99,99.4,62.18,22.21,44.41,26.65,4.54,59.25,40.75,96.16,78.52,99.22,24.89,5,192.195418818947,94.3913934451952,94.3913934451952,232.9012,0.0662760013070866,0,0,0,0.244001626677511,4.83936559577064,31.1882879219195,7215871.49922733,7328255.62033347,1311029.57446116,921311.588247255,873123.089385929,489243.016226108,179786.677755185,0.383448556323709,39.2988355439318,60.2279095834112,0.473254872657077,20.2074013826759,0,0,0,0,0,-3.85579522246219,3.32897220373395,12.873178644262,4.95688283809701,10.1100951352102,14.2148343482023,1,0,0
"76041","Ansermanuevo",0.311294220007976,0.00434742507619889,0.00319417558067191,0.181555050930636,1.35,1.04,26.34,62.33,39.19,60.81,61.16,6,361,-15.68,42.4,67.57,7.18,9.43,12.28,48.94,51.24,4.39,49.5110998554234,3.52519125421824,46.9637088903583,0.407466638640174,7.16,10.26,74.07,6.22,89.12,6.41,10.36,73.01,5.18,98.45,46.11,69.17,0,80.7,5,61.56,38.44,78.05,74.8,98.96,11.66,21,265.975336597117,166.386544636109,166.386544636109,325.7594,0.424137846156929,0,0,0,0.726500502961887,11.0651615066503,28.24019224321,11159777.0087739,11313008.0537052,1808539.91829664,1533813.98284341,1498574.42528222,759416.907007936,161491.809098022,0.348329048843188,25.231495867255,74.2713318003853,0.497172332359704,23.5665586230021,0,0,1,0,0,-3.46298082817054,3.53065330477903,12.5235292813625,3.92828997789202,9.79222074010754,14.493560205861,1,0,0
"76054","Argelia",0.346746769918103,0.00502671402966714,0.00448134976418645,0.193059864289454,5.98,1.15,25.49,75.44,45.48,54.52,64.04,6,88,-19.36,48.6,68.89,6.35,12.86,15.19,41.23,45.03,4.11,65.9668726920249,3.45477990747483,30.5783474005003,0.140750292807748,6.95,16.58,69.33,4.65,83.33,5.58,23.26,34.48,0,95.35,19.02,19.02,19.02,95.09,3.67,47.82,52.18,76.1,58.66,98.61,11.35,6,253.558852520613,152.81139485049,152.81139485049,175.1367,0.194017443642683,0,0,0,1.26285405015335,4.32978531481147,28.5044199891755,12694251.004871,13081543.4207108,2426155.37560888,2215581.85657586,2176618.784954,1357603.98087678,247071.388959047,0.360635035179506,14.3034568412337,84.0819706064997,1.61457255226661,51.2177521197907,0,0,0,0,0,-3.35402295108778,3.13259334674953,12.257590130192,4.14424522067556,8.6202911494198,14.7987968267521,1,0,0
"76100","Bolívar",0.191834135533459,0.00117663386216318,0.000432069231682328,0.108355455204765,11.48,0.63,25.71,75.46,69.49,30.51,66.28,6,815,4.3,47.9,67.73,8.07,9.96,12.34,51.93,51.93,6.02,68.445324049678,4.28492825530276,27.2697476950192,0.472093972576845,6.43,14.17,99.26,3.7,82.09,5.61,7.41,48.19,7.41,98.52,31.59,31.59,12.64,101.09,3.37,43.94,56.06,84.77,66.73,92.9,10.02,8,211.994324869869,109.513522479766,109.513522479766,129.5657,0.00577925670928999,0,0,14.3337423312883,2.05338809034908,33.1031049716881,30.9252691182876,9520695.63711032,9747699.30184805,1663329.13179018,1460967.54875241,1426993.61159853,801081.60948292,129382.55049468,0.545143426046917,18.912631397553,79.7863174220231,1.30105118042392,18.8538361022961,1,0,0,0,0,-3.20831277336256,2.63246111191477,12.2178113912542,3.00617753141553,9.68477168454907,14.3992399378083,0,0,1
"76109","Buenaventura",0.583063980603387,0.000593891557112419,0.00157416229340437,0.0680469304759643,2.08,86.66,31.61,29.38,22.25,77.75,60.72,2,6785,-6.27,46.6,62.94,3.31,6.95,15.54,43.19,46.96,11.12,0.604492581698355,7.86164321190376,91.5338642063979,4.39140731179406,5.48,24.71,38.46,9.24,66.88,4.67,23.09,58.22,12.68,96.36,228.57,35.78,38.36,64.48,4.56,93.95,6.05,73.17,60.96,90.8,28.05,29,135.376941879241,58.9185087555828,58.9185087555828,229.5106,14.6003053710223,0,1,19.833161385409,20.6793109533111,298.719750765168,83.9286431426954,8924101.56414937,14980737.8883311,2546975.21972034,2045340.76585556,1946933.57310016,1271575.16311008,78757.0235848196,0.314951047504305,28.7966006466308,69.4660417921294,1.73735756123984,30.9398635780045,1,1,1,1,1,-3.99617228888129,4.26952917914742,13.1256269538701,3.86639782740187,12.702858166716,14.7808703649391,0,0,0
"76111","Guadalajara de Buga",0.171840563775675,0.00117873956675969,0.000382966603773313,0.113881915354939,0.11,2.21,18.19,109.67,13.68,86.32,47.99,2,873,9.11,53.3,74.06,4.91,3.02,6.09,54.65,56.93,31.49,7.65399775705423,44.3257517273897,48.020250515556,3.94864620784453,7.54,10.16,56.96,8.46,92.3,6.97,11,37.99,7.61,100,259.52,56.11,36.63,172.23,2.9,82.05,17.95,98.19,94.37,99.45,58.18,6,163.46001707427,72.9532220271111,72.9532220271111,230.433,2.16780113778065,0,0,0,0.529749201592275,4.74503927711938,180.75860085668,15161259.6113684,15350006.3412417,2320799.93759554,1650393.45835414,1552226.32111883,961293.842785573,225211.38716342,0.311522801919206,57.8376847791363,40.4974878750036,1.66482734586008,14.6876750064327,0,0,0,0,1,-3.19119319207399,4.47233127256389,13.4156394928429,5.03135253568498,11.7916021100069,14.7500385061489,0,0,0
"76113","Bugalagrande",0.166316423809804,0.00285796654964385,0.000889434270094062,0.17931713498395,2.14,1.62,21.77,89.25,46.2,53.8,55.21,5,429,12.58,61.8,67.28,5.56,6.83,10.03,47.61,50.9,13.66,26.6343859296687,47.9753896081101,25.3902244622212,1.16421353214467,7.19,13.22,57.27,7.37,88.95,6.36,10.53,34.35,5.26,100,135.25,53.28,28.69,28.69,5.49,42.24,57.76,88.08,78.44,97.26,27.06,8,199.9436812107,103.543236793564,103.543236793564,260.2351,1.83695140581634,0,0,0,0.945216809105589,11.8939781812453,71.5312512307511,10896871.9925958,11079111.7967784,1811014.05690993,986105.914300343,969681.164664645,498275.530778622,197371.0093734,0.381237446339254,44.8484238090442,54.5623929902306,0.589183200725149,22.3504391319759,0,0,0,0,0,-2.76306815020611,4.37533435321243,13.6230273168264,4.10906895762048,10.142150059508,14.5128415074863,0,1,0
"76122","Caicedonia",0.374839473966334,0.000906082213541635,0.000940890375175486,0.0818321936325589,0.65,1.48,21.33,95.63,16.28,83.72,55.7,6,165,-6.86,40.5,62.45,7.48,7.86,11.14,49.52,52.38,11.64,55.2611800353604,3.51523495027927,41.2235850143603,0.81639225648143,7.5,11.02,62.53,6.72,91.04,7.84,7.46,49.67,3.73,99.63,185.26,66.41,10.49,146.81,4.85,76.44,23.56,90.8,85.51,99.27,27.9,7,220.175503173762,129.138052314281,129.138052314281,289.3233,0.0761908107854363,0,0,0,0.730532956998174,4.78167026398805,77.97874813216,9425416.85817699,9531615.32239748,1520979.95391001,1255317.02068737,1202348.60620953,513668.294437988,183210.715955504,0.317250539598207,27.4373855801815,70.6462041833833,1.91641023643517,28.0591067574299,0,0,0,0,0,-3.28860286856857,3.43647019169583,12.4899836158912,5.18945071156092,10.3127786654778,14.3486008755726,1,0,0
"76126","Calima",0.198650799132813,0.00343016103510074,0.00131464467481034,0.182521435939196,0.97,1.73,22.64,75.79,34.62,65.38,52.98,6,930,16.5,50.6,73.42,4.76,5.27,6.54,52.89,55.82,7.8,21.5487111928821,3.55309947636143,74.8981893307565,0.429988025319125,5.91,11.05,80.23,7.98,89.89,6.31,10.64,44.04,5.32,99.47,137.58,55.03,38.52,55.03,4.54,55.84,44.16,85.35,69.93,98.56,19.31,3,164.727927866102,61.485564391843,61.485564391843,248.5996,4.9556290600839,0,0,0.48494623655914,0.833593831405648,11.4619151818277,42.2788371366052,10528868.2792539,10700184.1241534,1989178.98166094,1431570.03016568,1307560.86193602,711338.623580285,285811.183703241,0.509482129832239,29.7281812973455,68.9604685212299,1.31135018142466,8.2577888923622,1,1,0,0,0,-3.47931479799764,3.99718830375962,13.2314131919138,3.03879176301444,9.86235300917757,14.637486287441,0,1,0
"76130","Candelaria",0.0843703325877526,0.00188023385481937,0.000308681553642066,0.208240682089188,0.57,23.23,19.79,74.56,74.82,25.18,42.62,2,303,30.63,63.3,102.37,5.09,3.58,3.46,49.4,52.71,8.23,19.4066643650319,36.5499481359915,44.0433874989766,2.93356212915343,6.01,13.01,57.95,9.39,85.86,5.85,10.54,44.29,9.66,99.47,236.09,77.27,12.88,144.88,6.17,64.98,35.02,91.7,89.19,99.5,47.56,7,104.577147762101,21.0729324538038,21.0729324538038,136.0275,0.0779405151472539,0,0,0,0.650882759742901,3.36289425867166,42.2418391053978,5772187.51760547,9428812.1556785,1489587.20085157,717540.61546389,633063.847792875,314740.092687513,162606.725074354,0.323470651515562,55.6767236156549,43.8695693148619,0.453707069483151,16.7050868295682,0,0,0,1,1,-3.31059358524456,4.30582163570786,13.5568001709527,5.73840931879926,11.6138471435512,14.3176146147486,0,0,0
"76147","Cartago",0.293248262981083,0.00202407216344122,0.00135329212623361,0.125447014253517,0.28,2.33,17.29,125.47,3.24,96.76,49.88,2,260,8.73,57.4,69.62,5.18,4.26,6.96,51.38,53.95,24.82,10.9305566395442,27.9551572850633,61.1142860753925,2.89483042165541,8.24,11.79,62.16,7.59,83.62,5.91,12.93,39.89,9.48,99.83,201.32,39.53,21.23,131.78,5.92,96.23,3.77,98.18,97.49,99.59,48.13,7,259.860714766519,162.574249501968,162.574249501968,307.3723,0.0557057171035992,0,0,0,0.329150092442154,2.37408258165724,154.043994061292,4960912.10359124,14828149.0507802,2300113.69405149,1746664.3846504,1608365.41831475,947244.844620147,214601.3274133,0.356952770463331,53.5643094447081,44.6511627906977,1.78452776459421,10.8283377220012,0,1,0,1,1,-3.57918164192759,3.83174399882913,13.2239254450058,6.3118799891764,11.8691443049093,14.7376700435509,0,0,0
"76233","Dagua",0.207021979672274,0.00337893456705169,0.00136621522840808,0.178543113407753,2.2,19.09,20.39,96.43,77.62,22.38,52.73,6,939,37.35,61.5,67.41,4.11,6.67,7.4,45.79,49.37,4.83,47.3260683802263,11.6046632603833,41.0692683593904,1.06786001862707,5.3,15.41,55.28,7.93,75.55,5.34,13.22,44.51,4.41,97.8,79.99,18.46,20.51,112.8,3.41,29.8,70.2,81.88,44.73,94.98,15.11,5,130.407814265921,30.7529401680544,30.7529401680544,186.0485,0.0578633061214041,0,1,6.26943556975506,1.54144584156015,23.4680799473484,19.2507534033046,7750153.4286605,7812883.35752884,1309203.16377429,999790.756226402,803159.521580242,458224.905712009,109675.017821885,0.429076171672036,26.813485892024,72.2506109753388,0.935903132637192,28.4665211818906,1,1,0,0,0,-3.67097802138066,2.74343622846863,12.6424303182818,3.97085779114904,10.9636708145845,14.1653771043923,0,0,1
"76243","El Águila",0.294073076447916,0.00353827265058706,0.00236298147886876,0.165300776572456,1.67,0.76,26.06,64.33,71.12,28.88,61.27,6,255,-16.65,41.9,60.78,6.29,11.12,12.38,46.22,50.87,2.84,55.9262721432546,3.51509040987577,40.5586374468696,0.207396809965348,6.54,15.74,61.76,4.84,85.48,6.47,0,42.74,0,100,11.5,46,0,0,4.53,31.65,68.35,72.11,58.88,97.94,10.32,9,277.714701417485,177.233235296389,177.233235296389,358.5805,1.03090102808636,0,0,0,0.760043431053203,13.7893593919653,20.0510314875136,12200621.6368078,12423690.6205212,2117296.04647123,1923038.92747014,1860883.65841477,1033932.6267101,222811.04907709,0.39728555917481,9.97162545601946,88.5150655316849,1.51330901229564,15.5483170466884,0,0,0,0,0,-3.4741303636706,2.86183599962587,12.1769379162126,3.58101580823799,9.12804512924935,14.6657072536149,0,0,1
"76246","El Cairo",0.254004114002871,0.00530065015236143,0.00282345865625291,0.209194357153031,2.38,2.68,25.41,77.11,51.35,48.65,64.31,6,274,-26.84,53.6,67.02,7.09,9,10.22,46.75,49.91,2.64,59.2443347287834,3.53863011738584,37.2170351538307,0.15463237073285,6.3,14.51,55.14,5.88,92.16,6.82,19.61,59.57,0,100,15.07,150.67,75.34,15.07,2.27,38.14,61.86,75.49,61.57,98.38,10.93,1,257.850552221493,156.107219420056,156.107219420056,375.6166,0.491320090013916,0,0,0,0.852999715666761,24.7369917543361,22.5689508103497,13027242.4810918,13451308.9125675,2182653.32797839,2015223.94156952,1729332.18311061,1036342.65254478,117867.583451806,0.424936025021325,11.426116838488,86.3058419243986,2.2680412371134,33.1959056013648,0,0,0,0,0,-3.49817946404019,2.81051257674331,12.0283169676817,3.24843462710975,8.85851081303393,14.6486461384864,0,0,1
"76248","El Cerrito",0.144691679449936,0.00348896796708503,0.000936554377280561,0.211506121505289,0.25,24.16,22.87,72.65,34.89,65.11,52.82,5,456,3.43,69.4,82.96,4.22,4.68,4.91,50.49,53.44,7.88,20.1240952040054,27.8460130797839,52.0298917162106,1.3085376634374,7,13.03,65.68,10.05,87.25,6.07,8.98,33.89,7.18,99.28,248.09,72.14,14.08,119.64,4.01,71.89,28.11,96.92,91.07,99.69,41.69,6,140.798491750091,50.8525244122649,50.8525244122649,177.8788,0.650447159997118,0,0,0,0.563191890036783,5.49112092785864,52.5396434291346,5771769.9234411,10192653.9109629,1560310.40641335,915736.65553776,701189.930146606,426219.149844242,161735.223569581,0.372164240834932,50.8351893095768,48.5225103404391,0.642300349984092,29.4355761277038,0,0,0,1,1,-3.4516796996114,4.22739427812255,13.3763445259637,4.84505285330658,10.9476260558165,14.3590234618667,1,0,0
"76250","El Dovio",0.427663486848989,0.00516766715660788,0.00715844761819582,0.197836879453427,9.46,0.6,27.66,60.59,35.81,64.19,65.55,6,297,-6.93,48.1,87.17,6.59,12.49,20.96,52.86,54.59,6.49,50.3504106575444,3.50325783261032,46.1463315098453,0.207085356152877,8.94,16.01,81.01,4.55,77.12,5.81,12.99,53.85,0,81.82,0,22.96,22.96,22.96,4.61,49.24,50.76,81.14,70.16,93.62,9.47,2,232.785889933989,130.860266265808,130.860266265808,307.797,0.0262616759231745,0,0,0,17.1780466724287,308.772687986171,36.7059204840104,15951968.3695981,16240373.7547537,2819516.42718237,2512504.46110631,2470587.11560069,1250882.95581245,270901.617113224,0.477203975799481,16.3756206129087,82.16058894025,1.46379044684129,36.938202247191,0,0,0,0,0,-3.48061536106068,2.79287884649703,12.6346420032562,3.43527669531502,9.13302726887351,14.9438169291392,0,1,0
"76275","Florida",0.241902478104377,0.00594911747099216,0.0029633225467165,0.225034520974076,9.14,9.92,21.34,76.19,28.74,71.26,49.36,6,413,2.44,57.7,77.19,6.23,5.32,6.47,50.77,53.36,8.84,27.880468050763,8.10136929046787,64.0181626587692,0.889502042120572,6.52,12.03,71.46,9.16,87.41,6.17,11.44,45.58,4.29,96.71,126.53,52,3.47,62.4,4.5,65.96,34.04,94.38,88.47,96.76,25.26,9,104.153814221029,46.21747979008,46.21747979008,142.6879,0.153392325190979,0,1,0,0.799402186191196,24.2774968284587,56.5808178231931,7381262.81747563,7447841.93540483,1313234.52183584,1034618.70833985,981409.079175573,481639.66067115,39420.2211563526,0.317275776375928,48.6299366162847,50.437185112953,0.93287827076223,22.683905948595,0,0,0,0,1,-3.85034511950412,3.85714309406755,12.5375890992913,4.95371214669663,10.9602877733898,14.1175796957217,0,0,0
"76306","Ginebra",0.261182422460713,0.00217630108662063,0.00120904672498133,0.133130510351452,1.27,1.07,21.87,84.06,52.48,47.52,53.94,6,275,18.02,57.2,76.32,5.05,3.68,4.68,51.74,54.8,9.7,34.7950567275336,14.1677210610348,51.0372222114316,0.547037541732699,5.16,14.24,58.33,7.02,92.98,7.07,5.85,27.55,0,99.42,126.59,13.1,30.56,113.5,3.81,45.53,54.48,89.04,77.91,99.12,26.42,7,148.695210313939,57.3047772294587,57.3047772294587,190.2786,0.0590353807817176,0,0,0,0.866336633663366,7.54950495049505,55.9302805280528,8987834.18721122,9116114.48667492,1500477.01765677,1117262.48028053,1052201.89216172,522048.505693069,76098.6018151815,0.388572607260726,39.3195370045598,59.9037931552839,0.776669840156336,31.7161716171617,0,0,0,0,0,-3.47196115708872,3.425202615571,12.8563502611448,4.51404125257699,10.0957594401833,14.2707657234975,1,0,0
"76318","Guacarí",0.142114639632979,0.00107282807251519,0.000282342767973003,0.118235942022951,0.2,31.3,23.6,69.94,36.49,63.51,54.24,6,166,4.37,66.7,76.8,4.99,5.31,6.32,48.77,51.58,12.04,38.5173567450405,18.2804636754746,43.2021795794849,0.788672678931712,6.67,10.79,64.13,7.86,87.53,6.95,10.84,45.2,10.84,100,176.62,77.83,11.97,152.67,5.23,64.35,35.65,96.96,88.23,99.3,30.29,1,149.855390367885,52.7944884271673,52.7944884271673,182.0742,0.61527954813041,0,0,0,0.983767830791933,13.1072596279043,77.7515118196812,5233796.29000897,9541562.97696826,1517072.45730737,996529.45571598,887445.286131767,457725.701657938,167494.836781343,0.363965163045051,48.9140300829876,49.4553941908714,1.63057572614108,25.8817742542172,0,0,0,1,0,-3.46084892753979,3.13036301993145,13.1626277795543,5.36564885870832,10.4504811576846,14.3370192900297,1,0,0
"76364","Jamundí",0.206298512477446,0.00103271847613685,0.0004189397962523,0.0992155426573837,1.35,27.93,22.97,62.16,23.39,76.61,48.45,2,603,64.83,53.7,78.35,5.89,2.73,5.35,52.4,54.94,8.51,16.6011044566712,13.4250343868425,69.9738611564863,2.97602375277203,5.06,13.97,60.45,10.31,90.12,6.62,12.35,35.49,5.91,99.46,355.75,45.08,32.89,92.59,7.59,67.97,32.03,95.05,87.37,98.57,54.87,14,81.3418360133804,22.7495809108451,22.7495809108451,126.7162,0.601821719622671,0,0,297.734660033167,1.02170867609728,28.0021908804601,36.2386374408831,4246200.1987118,11124354.0760541,1810323.37679984,1160876.34953496,1103542.50437123,743479.116148264,94627.1417699786,0.394558611318847,57.5317277184886,41.5243726564753,0.943899625036054,6.1281454407567,1,0,1,1,1,-3.8365128113031,3.79180851936735,13.3838765525132,5.70697736555272,12.1541370396416,14.4599665917016,0,0,0
"76377","La Cumbre",0.147708363582434,0.00245435495010732,0.000671669477971967,0.17545781632779,0.77,1.85,19.64,122.61,79.91,20.09,58.97,6,165,46.7,61.2,69.8,6.42,6.28,6.87,49.91,53.69,4.62,59.4610619407697,4.31805520613728,36.220882853093,0.349408265452928,5.63,16.66,53.73,12.84,78.9,5.77,27.52,33.49,18.35,100,133.97,0,18.27,79.16,4.99,28.27,71.73,86.85,37.12,97.1,27.59,2,134.386633229742,30.9421772902236,30.9421772902236,184.0809,0.00726263804819466,0,0,0,0.492072170585019,2.73373428102788,18.2110442864954,3821114.72886823,8691093.73439038,1449955.18999453,1150330.0645708,1122544.19961728,608974.424220886,37284.918261345,0.512301804264625,24.3975903614458,74.5381526104418,1.06425702811245,14.2099507927829,0,0,0,1,0,-3.63858783685644,2.34607056824805,12.6102873903389,4.65491227788291,9.81410974138491,14.2124326839982,0,1,0
"76400","La Unión",0.310276615368601,0.00467841862817973,0.00342017791874781,0.18848435339799,0.27,0.74,22.58,79.37,18.97,81.03,53.94,6,121,6.78,54.8,72.07,6.49,5.14,7.5,50.11,53.61,9.15,33.830156554995,4.59680204016991,61.5730414048351,0.584084604432857,6.78,10.68,73.6,5.33,85.33,6.04,6.67,40.62,6.67,100,75.93,64.24,26.28,70.09,3.97,63.17,36.83,95.39,91.63,99.21,17.22,12,236.320209464067,136.897345996441,136.897345996441,286.707,0.00474687432776656,0,0,0,0.31630100353682,5.6646634269776,67.8370762285418,4055396.85214366,10893402.9046784,1708832.33059206,1354674.97711131,1277305.36642034,579437.999884981,184273.392069471,0.366334071369008,30.4805938227338,67.7800842926338,1.73932188463232,23.5155418811283,0,0,0,1,0,-3.76738483380388,3.6903723345037,12.7774965947125,5.66090976775081,10.4567115277187,14.4537292778985,1,0,0
"76403","La Victoria",0.287579897258377,0.0043154953511002,0.002780134667461,0.183347246626241,0.02,0.85,17.48,143.64,23.03,76.97,55.82,6,278,-13.87,56.6,76.58,7.13,8.38,11.48,47.03,49.65,7.33,44.687806263699,3.62346593858535,51.6887277977157,0.257046471875259,9.52,11.05,60.14,9.64,87.95,6.23,24.1,43.67,24.1,100,50.08,83.47,16.69,25.04,2.87,73.37,26.63,91.11,89.36,97.3,23.42,2,234.096502318537,137.659472685811,137.659472685811,284.5656,2.45601901228569,0,0,0,0.788581342165444,4.73148805299267,51.902058197303,12026962.6866178,12231684.5532687,1932195.70861919,1482811.79488999,1437138.5594196,742811.839602555,136922.013563599,0.440343821465184,33.7539992890153,63.9264130821187,2.31958762886598,24.3671634729122,0,0,0,0,0,-3.57932234529394,3.1625974214806,13.0156328430976,3.80599560078262,9.4478600892349,14.5426328532158,0,1,0
"76497","Obando",0.299571729054856,0.00491957097058614,0.00338762851003235,0.194288485775955,1.77,3.2,24.35,78.24,24.34,75.66,61.47,6,213,-14.38,50.6,52.15,3.84,9.11,10.11,42.75,47.83,6.35,57.6283942500824,3.38894573079999,38.9826600191176,0.372938279779983,7.22,11.79,76.54,4.84,86.29,6.86,0,45.45,0,99.19,32.95,57.66,16.47,24.71,7.54,65.51,34.49,94.13,94.3,96.88,17.74,15,247.008005122973,149.961111569606,149.961111569606,295.7511,0.616450551592218,0,0,0,0.238625517021954,6.92013999363665,44.152083996182,10760783.018931,10981973.6049157,1725707.32667833,1355810.95299077,1326152.94662743,757873.690502704,193640.41306077,0.387925548838689,34.3493798612571,64.5364725667437,1.11414757199916,16.4572064906141,0,0,0,0,0,-3.19853361074888,3.96489461892109,12.8209781742785,4.08328361486268,9.43922739791746,14.4674959674005,1,0,0
"76520","Palmira",0.20769656033191,0.00114778178204457,0.000474489227823819,0.104877873825819,0.13,6.51,20.54,87.91,22.21,77.79,49.9,1,1044,22.79,63.9,79.03,5.14,2.58,3.75,53.71,55.89,23.29,9.30622082875579,28.0161608835369,62.6776182877073,7.59228955831891,7.21,11.43,55.9,7.71,84.25,5.9,8.16,31.97,5.44,99.91,453.96,36.08,13.35,190.05,6.34,73.4,26.6,97.89,94.45,99.63,59.4,3,127.869047758197,42.5132437036911,42.5132437036911,163.8734,0.121673298783651,0,0,0,1.04109965490453,2.97004063987993,128.649133561988,6942812.70279776,15784687.6380673,2305755.2204621,1442945.84871289,1127236.69622615,809448.179536843,285718.969390613,0.326746748545367,61.1646047112064,37.4392267020117,1.39616858678183,11.8555883798481,0,0,1,1,1,-3.58965934278983,4.29102664190187,13.6679490554562,5.84180377255358,12.8438286732535,14.7677374570225,0,0,0
"76563","Pradera",0.201095575249391,0.00191894024617781,0.000748063028251591,0.136008665902874,0.64,32.11,21.28,78.87,12.01,87.99,49.93,6,369,-2.51,43.4,67.97,7.5,7.27,8.64,50.55,52.98,10.16,18.0109094031993,24.3454447285297,57.643645868271,0.935383079835896,6.04,10,73.45,9.69,89.73,6.5,1.94,49.74,0,99.03,144,52.17,18.78,98.08,5.71,75.03,24.97,93.08,87.41,96.86,25.11,1,115.315913532594,43.9163761303829,43.9163761303829,151.9998,0.0628774202140268,0,1,0,0.984410157505625,10.8285117325619,68.8952507232401,7383118.68518965,7463777.23738348,1791122.70262777,1443031.20234651,1255836.23199936,1008314.4809145,32278.3587070074,0.31268081002893,48.5784076405088,50.4797324061441,0.941859953347124,25.5343940855031,0,0,0,0,1,-3.6550512117278,3.96451145400561,12.7602206560388,4.89724260674117,10.8152882191374,14.4162140301964,0,0,0
"76606","Restrepo",0.241473632865204,0.00390688197858412,0.00193665234623158,0.182245207805213,1.02,0.84,24.02,72.08,31.82,68.18,57.22,6,248,-3.15,47.7,85.58,4.18,6.42,9.14,48.5,52.57,8.65,60.4975940057319,3.31016840761788,36.1922375866503,0.582173244163097,7.19,11.12,77.82,10.23,87.5,6.58,22.73,55.03,22.73,99.43,45.77,58.84,13.08,19.61,2.87,42.16,57.84,92.62,71.55,99.27,20.12,12,149.346097347485,45.8555101233397,45.8555101233397,210.9773,0.549170784147039,0,0,0,1.50696973502449,6.90694461886224,55.1927665452719,11526643.4777094,11683939.8634937,1951178.40675625,1576112.11967851,1533968.95140023,819146.193143288,118270.19508979,0.4061283435891,34.053529161862,64.9754202828185,0.971050555319536,26.4222026874294,0,0,0,0,0,-2.98965934802251,3.44657659531469,12.834858054872,4.20020495292158,9.67570827281739,14.5427927538374,1,0,0
"76616","Riofrío",0.267094353991267,0.00524743093068,0.00301350780737849,0.205528216099879,0.21,2.88,24.42,73.72,50.41,49.59,58.58,6,317,-10.49,58.2,72.74,5.63,8.34,9.72,47.06,49.38,6.54,41.9731825093417,20.5134612863124,37.5133562043459,0.376054547060867,6.53,13.69,57.66,8.97,90.34,6.85,0,34.7,0,100,71.05,45.21,25.83,32.29,8.44,56.35,43.65,84.87,69.7,97.78,9.95,5,184.544799440414,82.6885637508539,82.6885637508539,241.6066,0.431345073687646,0,0,0,1.55009920634921,8.92857142857143,35.9312996031746,12858764.437252,13035782.2991691,2123963.97414435,1633738.55102927,1587590.10571677,748756.944940476,141824.117373512,0.425843253968254,26.0626473560121,73.3849781071068,0.552374536881105,10.7762896825397,0,0,0,0,0,-3.43929711505758,3.23907190199484,13.1026206114712,3.92078451109672,9.68831217087109,14.633433199656,0,1,0
"76622","Roldanillo",0.2727397133463,0.00509091943445615,0.00302149717701241,0.201540678680206,0.34,0.56,21.7,90.05,22.67,77.33,55.21,6,209,6.05,60.4,75.84,3.63,4.41,6.42,50.05,53.71,11.13,39.5145351280053,3.75721194238567,56.728252929609,0.643013494482786,6.93,10.84,64.74,9.34,89.16,6.08,6.02,29.37,6.02,99.7,84.31,35.36,10.88,114.23,4.3,70.7,29.3,95.26,84.72,99.34,31.52,5,224.415164336238,124.434196205827,124.434196205827,273.2772,0.489647962693294,0,0,0,0.390188070650053,4.44814400541061,62.5016257836277,9058649.28416097,9145498.43417527,1495963.81658559,1161879.51650496,1127205.0031215,514120.291418464,99895.40002081,0.413105116666233,36.8781874425215,59.9838363570493,3.13797620042917,15.7401867700232,0,0,0,0,0,-3.77148534199696,3.76190647329903,12.7191486355635,5.19700420484755,10.5569319037435,14.2829228429548,1,0,0
"76670","San Pedro",0.170695610315552,0.00422743748971574,0.00135418430389911,0.215584004671766,0.25,0.43,23.67,69.2,52.19,47.81,54.2,6,197,7.34,59,71.83,5.61,5.41,6.37,47.86,51.46,6.69,57.6732851084699,5.50232836638278,36.8243865251473,0.445258271629657,5.99,13.07,43.4,11.54,94.87,7.08,19.23,38.25,12.82,100,111.23,105.37,23.42,46.83,3.76,61.18,38.82,91.98,84.47,97.86,20.79,4,173.172017629701,76.0817886908619,76.0817886908619,213.0481,0.876000006574169,0,0,0,0.231615518239722,7.81702374059062,47.2640416907933,9102892.52958888,9271108.30712218,1698760.68123914,1158101.80833816,987066.137984945,590732.936768963,151098.27701216,0.426172553561089,35.4240523588765,64.0123625124989,0.56358512862467,13.8390272148234,0,0,0,0,0,-3.33879082067334,3.359407933727,13.2005438097825,4.5224405383891,9.75672617114073,14.4306199553651,1,0,0
"76736","Sevilla",0.345379631579637,0.00499514244531652,0.00442288946164869,0.192555674184826,1.1,0.51,20.93,103.35,22.72,77.28,57.53,6,639,-11.99,50.6,62.92,7.38,7.79,10.79,51.87,53.55,7.94,58.9610736764673,3.74860966980021,37.2903166537325,1.12353804300575,6.73,12.5,62.06,7.05,88.59,7.38,5.42,45.94,2.71,98.92,137.34,67.47,14.46,149.39,3.36,74.24,25.76,88.47,81.1,98.48,22.44,5,206.789871219196,116.293139779788,116.293139779788,290.3304,0.530683387752209,0,0,0,0.455342303576714,9.19791453224962,53.8118980943925,2748322.05628031,9934680.70937777,1593733.83839902,1387074.35122829,1346924.353505,569293.398105776,44777.1540878355,0.317419119823327,21.7587316060077,76.5519337436365,1.68933465035585,23.2065205017872,0,0,0,1,1,-3.34667457668102,3.47695919821314,12.2388277282533,4.22741751644646,10.6901933798616,14.3092984559706,1,0,0
"76823","Toro",0.373203694453804,0.00578324614774369,0.00595275965217131,0.206734634045016,0.36,1.81,24.6,80.13,30.33,69.67,63.55,6,194,-8.18,51.2,59.55,6.11,9.76,12.44,47.4,50.31,4.16,30.3595670743866,3.94912133076918,65.6913115948442,0.200912690672221,7.44,13.06,48.79,4.4,87.91,6.45,0,37.04,0,98.9,6.91,96.77,13.82,20.74,5.98,67.21,32.79,86.98,71.84,97.57,13.61,1,247.671719127714,148.078589021073,148.078589021073,299.7973,0.0892876027327316,0,0,0,0.400721298337007,11.6209176517732,29.3748747745943,10411947.6529086,10585449.8059173,1757156.36465638,1517428.42182595,1489361.15254124,766558.205035731,68024.3607827423,0.375809790957056,20.6091614037893,77.9838516268287,1.40698696938204,44.1060575702932,0,0,0,0,0,-3.99185256823661,3.01889641342822,12.3872599878061,4.34756458111878,9.61400385813772,14.4171895677337,1,0,0
"76828","Trujillo",0.362514157334695,0.00439017191187161,0.00426434326788694,0.180136245479041,3.72,0.73,25.12,74.27,50.73,49.27,62.27,6,232,2.99,60,64.63,4.58,9.63,12.05,48.08,50.91,3.79,49.2710689785091,3.79714804510202,46.9317829763889,0.35577282381296,6.37,17.04,63.05,7.82,89.33,6.45,5.59,42.79,5.59,93.85,20.97,20.97,5.24,57.67,4.66,56.48,43.52,82.29,67.82,97.45,12.94,8,197.651202965409,95.5849148909726,95.5849148909726,253.867,0.230949453894123,0,0,0,0.952476438740726,22.2077401243232,20.6371566071787,11407043.6408161,11567934.986916,2002626.51779627,1797075.74343293,1767365.37968719,850341.823841989,75753.9189893724,0.312161620212553,14.9505526468877,84.2117510180337,0.837696335078534,36.7304992981753,0,0,0,0,0,-3.70731092389072,3.25776918768844,12.2334483595938,4.44406202559333,9.90088416666601,14.5470995122222,1,0,0
"76834","Tuluá",0.257428514132288,0.000984465798286168,0.000541228123605218,0.0903719238745279,0.28,4.55,19.12,96.45,17.44,82.56,47.67,2,818,13.57,60.8,65.44,5.68,3.81,7.02,52.41,54.88,20.76,7.20986988056557,12.0357013519155,80.7544287675189,3.79888239563552,8.38,10.89,61.67,7.6,90,6.93,13.65,35.55,8.28,99.85,264.84,50.01,52.78,64.82,6.32,79.56,20.44,97.58,95.73,99.17,55.02,5,184.152271947334,92.0292419826269,92.0292419826269,241.6773,2.84058216099907,0,0,0,0.842809364548495,13.0613154960981,134.935696767001,8693601.42380825,13206348.0524103,2092366.90113712,1613653.44812932,1558226.753534,928741.815562988,137584.329810479,0.280686733556299,50.6135593520247,47.7594245724549,1.62701607552044,12.4276477146042,0,1,1,0,1,-3.75877373290089,4.04551885749673,13.0788574781982,5.65097926899631,12.320516779921,14.6174902736669,0,0,0
"76845","Ulloa",0.221857831780414,0.00410883305581541,0.00181330774393671,0.191938012680657,0.05,0.26,24.01,79.01,52.73,47.27,60.57,6,43,-4.87,53.9,62.22,7.58,8.76,10.36,48.52,51.17,6.77,54.3155482452531,3.71199800321353,41.9724537515334,0.132929935739637,7.62,20.02,36.25,5.56,94.44,6.28,0,36.7,0,100,18.48,0,36.95,0,5.25,48.37,51.63,92.21,65.91,98.52,11.25,1,264.703279247132,170.040365822395,170.040365822395,335.4259,0.117308902286887,0,0,0,0.177430801987225,0,39.8030518097942,10544217.5463094,11027645.1252661,1763420.70972321,1494353.99804826,1450154.86337828,886596.967530163,81112.049325763,0.370475514549326,24.4170463682659,74.2160278745645,1.36692575716966,16.7849538679915,0,0,0,0,0,-3.42782683157908,3.47145348218487,12.502714626629,4.90970937550629,8.63692987301857,14.4277365562564,1,0,0
"76863","Versalles",0.399069270481297,0.00529492475376768,0.00627345521663673,0.198474681618419,1.8,0.34,22.8,92.82,40.81,59.19,61.48,6,462,-12.18,48.9,65.34,4.66,8.32,11.98,50.49,51.67,5.82,59.0327248788064,3.81978236023858,37.1474927609551,0.202133470532582,8.92,16.42,74,7.58,90.91,6.52,15.15,48.28,0,96.97,56.58,42.43,0,14.14,3.58,49.08,50.92,84.18,70.06,98.91,7.99,4,243.353012830374,141.916934795607,141.916934795607,325.5675,0.219996032768373,0,0,0,0.670510929328148,17.9696929059944,37.4373072281078,12728514.2973045,13047835.8255331,2278362.12498324,2072737.2452729,2045998.22046399,1053767.49510527,192350.796835188,0.467480219927585,18.7370743140769,79.5395008961809,1.72342478974218,24.7820839479684,0,0,0,0,0,-3.28869939215265,3.2282486300448,12.2338088155063,2.78192004966867,8.9169084675438,14.720017299273,0,1,0
"76869","Vijes",0.236087412061672,0.00282113309652141,0.00135481929033369,0.155907803934242,1.68,1.53,22.11,88.7,35.29,64.71,57.02,6,122,30.11,53.7,67.4,7.09,5.94,11.81,47.3,50.14,5.67,53.6074413101278,4.53617621134703,41.8563824785252,0.323877418927164,6.13,11.63,64.48,5.13,82.05,5.87,17.09,36.29,8.55,99.15,78.02,23.41,0,46.81,6.14,57.83,42.17,92.26,73.51,98.15,26.15,1,142.475725842037,40.0426176329332,40.0426176329332,183.4967,0.290714622222859,0,0,0,0.215936082919456,3.16706254948535,28.9836608363924,3569745.03742892,8369751.33138991,1365737.74440366,1134134.87648456,1105044.51162456,642642.660044627,54315.9163607572,0.401785071618801,33.2995951417004,65.7444894287,0.95591542959964,29.1873605412798,0,0,0,1,0,-3.4394944366133,3.02918506815772,12.3527794076747,4.69079727195553,9.53914039514886,14.1662052181342,0,0,0
"76890","Yotoco",0.203630228528829,0.00144940505018632,0.00057285157923096,0.117538138595729,0.92,0.99,22.45,79.3,45.95,54.05,54.33,6,390,2.93,72.1,78.01,4.09,5.8,7.47,48.32,52.47,6.96,35.9038195536536,27.1612692513288,36.9349111950177,0.527708925440438,6.36,12.72,60.26,8.72,83.89,6.48,13.42,28.44,13.42,100,124.09,43.43,12.41,99.27,5.34,48.96,51.04,89.05,67.65,98.84,26.44,5,161.001097197216,59.5492603492333,59.5492603492333,204.4312,0.0668022113126483,0,0,0,0.418085169921758,7.52553305859165,42.9684047064445,11279862.8843696,17474360.0181568,2812965.17690975,1906345.54327182,1070396.54225647,717645.335543212,442783.572597503,0.419638057695753,36.177318961591,63.3444663731593,0.478214665249734,26.5603535806008,0,0,0,1,0,-3.13790983435941,3.62127781582827,13.7174782735945,3.74313086894585,9.72573553945654,14.9959328377424,0,1,0
"76892","Yumbo",0.281760420447449,0.000254420605346654,0.000159370438125575,0.0448047333066217,0.53,3.35,19.73,79.06,14.43,85.57,43.85,1,243,16.42,61.1,103.19,5.49,3.58,5.94,50.65,53.63,23.01,0.914501158757522,62.6750902516381,36.4104085896044,9.08983256282484,6.11,12.65,63.5,8.18,87.56,5.96,12.78,42.53,5.96,99.83,494.08,100.1,15.61,128.57,8.87,73.76,26.24,95.23,88.17,99.29,49.47,5,125.625438035115,22.9243167413844,22.9243167413844,154.0779,0.437830192602966,0,0,0,1.09874777634379,3.025916495169,154.235236666783,16534418.549278,28395115.2250253,4073797.69372842,1601347.18634239,1424552.29356622,1022280.58927762,708003.287401026,0.314642994174893,59.1752696344901,40.0858212186228,0.738909146887057,18.4389061355471,0,0,1,1,1,-2.21567342167808,4.95633947751506,14.7207203250435,6.10483787427567,11.6498660397238,15.3803278078009,0,0,0
"76895","Zarzal",0.18600007617763,0.00193360815374709,0.000685163978077271,0.14072917413374,0.24,16.38,20.13,89.24,22.78,77.22,49.29,5,371,2.3,60.9,72.29,4.1,5.29,6.92,47.43,50.81,16.18,16.2958934548019,40.6768640325839,43.0272425126142,1.19899675037444,7.03,9.43,63.46,5.32,92.91,7.16,12.66,31.12,7.59,99.75,113.77,47.4,11.85,97.18,4.15,86.43,13.57,97.31,94.8,98.82,35.45,5,217.820841248136,120.73372790076,120.73372790076,258.5201,0.48637511980127,0,0,0,0.754113345521024,4.38756855575868,107.876371115174,10990203.7335923,11133871.2814442,1823372.73800274,1032003.18916819,953457.405918647,453096.284369287,214048.122303474,0.324131627056673,47.156252945057,51.1874469889737,1.65630006596928,43.7042961608775,0,1,1,0,1,-3.27795414137674,4.32294855884322,13.5815203296023,4.75729023404892,10.6864754370959,14.5271952817753,1,0,0
