"especificacion","metodo","k","covariable","beta_base","beta_robusto","dif_absoluta","desplazamiento_ee_base","cambia_signo","emparejamiento"
"M1","reblup",1.345,"(Intercept)",1.476,1.472,-0.003966,-0.024,FALSE,"nombre"
"M1","reblup",1.345,"alcantarillado_2018",-0.003477,-0.003204,0.0002738,0.39,FALSE,"nombre"
"M1","reblup",1.345,"pct_rural",-0.002367,-0.002191,0.0001754,0.306,FALSE,"nombre"
"M1","reblup",1.345,"partos_calificados_2020",-0.005307,-0.005578,-0.0002712,-0.211,FALSE,"nombre"
"M1","reblup",1.345,"transferencias_pc",1.232e-07,1.33e-07,9.788e-09,0.428,FALSE,"nombre"
"M1","reblup",1.345,"saber11_lectura_2022",-0.0102,-0.01045,-0.000246,-0.083,FALSE,"nombre"
"M1","reblup",1.345,"tasa_violencia_intra_2019",0.0003509,0.0003843,3.333e-05,0.246,FALSE,"nombre"
"M1","reblupbc",1.345,"(Intercept)",1.476,1.472,-0.003966,-0.024,FALSE,"nombre"
"M1","reblupbc",1.345,"alcantarillado_2018",-0.003477,-0.003204,0.0002738,0.39,FALSE,"nombre"
"M1","reblupbc",1.345,"pct_rural",-0.002367,-0.002191,0.0001754,0.306,FALSE,"nombre"
"M1","reblupbc",1.345,"partos_calificados_2020",-0.005307,-0.005578,-0.0002712,-0.211,FALSE,"nombre"
"M1","reblupbc",1.345,"transferencias_pc",1.232e-07,1.33e-07,9.788e-09,0.428,FALSE,"nombre"
"M1","reblupbc",1.345,"saber11_lectura_2022",-0.0102,-0.01045,-0.000246,-0.083,FALSE,"nombre"
"M1","reblupbc",1.345,"tasa_violencia_intra_2019",0.0003509,0.0003843,3.333e-05,0.246,FALSE,"nombre"
"M2","reblup",1.345,"(Intercept)",1.595,1.59,-0.005544,-0.032,FALSE,"nombre"
"M2","reblup",1.345,"alcantarillado_2018",-0.003279,-0.003073,0.0002058,0.299,FALSE,"nombre"
"M2","reblup",1.345,"pct_rural",-0.002405,-0.002244,0.0001612,0.29,FALSE,"nombre"
"M2","reblup",1.345,"partos_calificados_2020",-0.005403,-0.005367,3.605e-05,0.028,FALSE,"nombre"
"M2","reblup",1.345,"transferencias_pc",1.095e-07,1.152e-07,5.711e-09,0.246,FALSE,"nombre"
"M2","reblup",1.345,"saber11_lectura_2022",-0.012,-0.01254,-0.0005412,-0.181,FALSE,"nombre"
"M2","reblup",1.345,"tasa_violencia_intra_2019",0.0004401,0.0004556,1.557e-05,0.114,FALSE,"nombre"
"M2","reblup",1.345,"pct_secundario_2023",-0.001113,-0.001115,-1.673e-06,-0.004,FALSE,"nombre"
"M2","reblupbc",1.345,"(Intercept)",1.595,1.59,-0.005544,-0.032,FALSE,"nombre"
"M2","reblupbc",1.345,"alcantarillado_2018",-0.003279,-0.003073,0.0002058,0.299,FALSE,"nombre"
"M2","reblupbc",1.345,"pct_rural",-0.002405,-0.002244,0.0001612,0.29,FALSE,"nombre"
"M2","reblupbc",1.345,"partos_calificados_2020",-0.005403,-0.005367,3.605e-05,0.028,FALSE,"nombre"
"M2","reblupbc",1.345,"transferencias_pc",1.095e-07,1.152e-07,5.711e-09,0.246,FALSE,"nombre"
"M2","reblupbc",1.345,"saber11_lectura_2022",-0.012,-0.01254,-0.0005412,-0.181,FALSE,"nombre"
"M2","reblupbc",1.345,"tasa_violencia_intra_2019",0.0004401,0.0004556,1.557e-05,0.114,FALSE,"nombre"
"M2","reblupbc",1.345,"pct_secundario_2023",-0.001113,-0.001115,-1.673e-06,-0.004,FALSE,"nombre"
"M3","reblup",1.345,"(Intercept)",1.627,1.654,0.02711,0.16,FALSE,"nombre"
"M3","reblup",1.345,"alcantarillado_2018",-0.003416,-0.003319,9.737e-05,0.142,FALSE,"nombre"
"M3","reblup",1.345,"pct_rural",-0.002401,-0.00232,8.055e-05,0.143,FALSE,"nombre"
"M3","reblup",1.345,"partos_calificados_2020",-0.005432,-0.005486,-5.372e-05,-0.042,FALSE,"nombre"
"M3","reblup",1.345,"transferencias_pc",7.906e-08,8.609e-08,7.031e-09,0.252,FALSE,"nombre"
"M3","reblup",1.345,"saber11_lectura_2022",-0.01236,-0.01322,-0.0008534,-0.282,FALSE,"nombre"
"M3","reblup",1.345,"tasa_violencia_intra_2019",0.0003929,0.0003972,4.353e-06,0.032,FALSE,"nombre"
"M3","reblup",1.345,"pct_secundario_2023",-0.001174,-0.001141,3.352e-05,0.069,FALSE,"nombre"
"M3","reblup",1.345,"tiene_empresas_formales",0.03722,0.04186,0.004638,0.253,FALSE,"nombre"
"M3","reblup",1.345,"dist_cali_km",0.0003469,0.0003318,-1.515e-05,-0.08,FALSE,"nombre"
"M3","reblupbc",1.345,"(Intercept)",1.627,1.654,0.02711,0.16,FALSE,"nombre"
"M3","reblupbc",1.345,"alcantarillado_2018",-0.003416,-0.003319,9.737e-05,0.142,FALSE,"nombre"
"M3","reblupbc",1.345,"pct_rural",-0.002401,-0.00232,8.055e-05,0.143,FALSE,"nombre"
"M3","reblupbc",1.345,"partos_calificados_2020",-0.005432,-0.005486,-5.372e-05,-0.042,FALSE,"nombre"
"M3","reblupbc",1.345,"transferencias_pc",7.906e-08,8.609e-08,7.031e-09,0.252,FALSE,"nombre"
"M3","reblupbc",1.345,"saber11_lectura_2022",-0.01236,-0.01322,-0.0008534,-0.282,FALSE,"nombre"
"M3","reblupbc",1.345,"tasa_violencia_intra_2019",0.0003929,0.0003972,4.353e-06,0.032,FALSE,"nombre"
"M3","reblupbc",1.345,"pct_secundario_2023",-0.001174,-0.001141,3.352e-05,0.069,FALSE,"nombre"
"M3","reblupbc",1.345,"tiene_empresas_formales",0.03722,0.04186,0.004638,0.253,FALSE,"nombre"
"M3","reblupbc",1.345,"dist_cali_km",0.0003469,0.0003318,-1.515e-05,-0.08,FALSE,"nombre"
